kluch,obem,kd,intent,god_2022,god_2023,god_2024,god_2025,za_god,za_3_goda,istochnik
white noise,246000,39,,553750,302000,287250,273500,-5%,-51%,ambient
brown noise,90500,8,informational,167000,111833,101875,91250,-10%,-45%,подсказка: brown noise
rain sounds,90500,15,,98625,101875,101875,85000,-17%,-14%,ambient
pomodoro timer,90500,48,,80000,86000,89000,92458,+4%,+16%,dinamika
white noise generator machine,74000,42,transactional,46833,54458,60208,72542,+20%,+55%,подсказка: noise generator
white noise machine,74000,42,,46833,54458,60208,72542,+20%,+55%,instrument
how to fall asleep faster,74000,20,,83333,78750,74167,69125,-7%,-17%,konkurenty
how to to fall asleep fast,74000,26,,83333,78750,74167,69125,-7%,-17%,konkurenty
white noise generator for sleeping,60500,34,transactional,2642,3025,46200,64525,+40%,+2342%,подсказка: noise generator
white noise generator for sleep,60500,33,transactional,2642,3025,46200,64525,+40%,+2342%,подсказка: noise generator
white noise generator sleep,60500,33,transactional,2642,3025,46200,64525,+40%,+2342%,подсказка: noise generator
sleep white noise generator,60500,26,transactional,2642,3025,46200,64525,+40%,+2342%,подсказка: noise generator
lofi,60500,47,,76125,58667,60000,58500,-3%,-23%,ambient
brain fog,60500,38,,65000,68375,67250,66375,-1%,+2%,maskirovka
overstimulation,60500,21,,60917,70875,83625,58625,-30%,-4%,maskirovka
sound bath,49500,8,,34567,41517,44250,47042,+6%,+36%,terapiya
green noise,40500,0,,55717,89958,62250,40308,-35%,-28%,ambient
binaural beats,40500,45,,46500,45917,50000,40150,-20%,-14%,dinamika
binaurals,40500,45,,46500,45917,50000,40150,-20%,-14%,konkurenty
brown noise sleep,33100,7,informational,7883,26150,27125,33717,+24%,+328%,подсказка: brown noise
brown noise for sleep,33100,7,informational,7883,26150,27125,33717,+24%,+328%,подсказка: brown noise
brown noise for sleeping,33100,7,informational,7883,26150,27125,33717,+24%,+328%,подсказка: brown noise
brown noise sleeping,33100,7,informational,7883,26150,27125,33717,+24%,+328%,подсказка: brown noise
sleep brown noise,33100,7,informational,7883,26150,27125,33717,+24%,+328%,подсказка: brown noise
pink noise,33100,24,,47108,38283,35683,34567,-3%,-27%,ambient
lofi music,27100,39,,35908,21650,22967,26942,+17%,-25%,ambient
study music,27100,18,,31808,22875,22533,28450,+26%,-11%,dinamika
noise app,27100,8,,698,776,3651,27317,+648%,+3814%,instrument
sound machine,27100,26,,25242,28808,27283,27692,+1%,+10%,instrument
432 hz,27100,4,,19392,23150,24242,25467,+5%,+31%,terapiya
visual timer,22200,22,,10550,11292,14250,20808,+46%,+97%,keys
what frequency,22200,18,,9458,10833,13425,19858,+48%,+110%,konkurenty
music therapy,22200,62,,22400,21242,22900,23575,+3%,+5%,terapiya
focus music,18100,17,,15517,13717,14608,18192,+25%,+17%,ambient
headspace meditation app,18100,52,,204,189,5271,17800,+238%,+8625%,konkurenty
productivity software,18100,31,,1792,2150,4350,17942,+312%,+901%,prod
sound healing,18100,25,,10450,11000,11000,17200,+56%,+65%,terapiya
ambient music,14800,15,,12425,9092,11017,13625,+24%,+10%,ambient
brain f m,14800,16,,6033,9692,12117,14400,+19%,+139%,konkurenty
brain fm,14800,16,,6033,9692,12117,14400,+19%,+139%,konkurenty
how to go to sleep faster,14800,26,,16800,15892,15892,15117,-5%,-10%,konkurenty
chrome extension for productivity,14800,2,,220,261,4594,15018,+227%,+6726%,prod
time management tool,14800,19,,2442,2183,22092,14425,-35%,+491%,prod
time timer,14800,31,,9333,9483,11908,15575,+31%,+67%,sosedi
site blocker,14800,74,,9150,9600,14133,15500,+10%,+69%,sostoyaniya
healing frequencies,14800,19,,11483,17392,16633,16175,-3%,+41%,terapiya
solfeggio frequencies,14800,33,,24667,25150,21858,15792,-28%,-36%,terapiya
brain waves,12100,28,,11550,11917,11775,10883,-8%,-6%,konkurenty
brainwaves,12100,18,,11550,11917,11775,10883,-8%,-6%,konkurenty
brainz music,12100,57,,4000,4733,6025,11417,+89%,+185%,konkurenty
sensory overload,12100,54,,26375,18508,14500,11633,-20%,-56%,maskirovka
productivity app,12100,37,,5083,7075,9025,12900,+43%,+154%,prod
productivity apps,12100,37,,5083,7075,9025,12900,+43%,+154%,prod
productivity tools,12100,32,,1792,2142,305042,11025,-96%,+515%,prod
productivity tool,12100,32,,1792,2142,305042,11025,-96%,+515%,prod
brown noise youtube,9900,11,informational,21817,17350,12000,9933,-17%,-54%,подсказка: brown noise
youtube brown noise,9900,11,informational,21817,17350,12000,9933,-17%,-54%,подсказка: brown noise
what is brown noise,9900,4,informational,14250,11183,8850,9150,+3%,-36%,подсказка: brown noise
what is a brown noise,9900,4,informational,14250,11183,8850,9150,+3%,-36%,подсказка: brown noise
what is the brown noise,9900,10,informational,14250,11183,8850,9150,+3%,-36%,подсказка: brown noise
adhd body double,9900,40,,12183,10150,10725,9783,-9%,-20%,instrument
study buddy,9900,0,,5792,15233,11150,9592,-14%,+66%,instrument
delta wave,9900,3,,10183,10633,10817,9892,-9%,-3%,konkurenty
hyperfocus,9900,36,,12550,11733,10450,9300,-11%,-26%,maskirovka
delta waves,9900,17,,10183,10633,10817,9892,-9%,-3%,nejro
528 hz,9900,8,,16750,12450,9033,10708,+19%,-36%,terapiya
brown vs white noise,8100,1,informational,19092,9942,9667,8175,-15%,-57%,подсказка: brown noise
brown noise vs white noise,8100,1,informational,19092,9942,9667,8175,-15%,-57%,подсказка: brown noise
white noise vs brown noise,8100,8,informational,19092,9942,9667,8175,-15%,-57%,подсказка: brown noise
brown noise versus white noise,8100,1,informational,19092,9942,9667,8175,-15%,-57%,подсказка: brown noise
brown versus white noise,8100,4,informational,19092,9942,9667,8175,-15%,-57%,подсказка: brown noise
nature sounds,8100,43,,11142,9933,10150,8750,-14%,-21%,ambient
soundscape,8100,35,,7000,7375,7875,7550,-4%,+8%,ambient
adhd planner,8100,9,,7733,8442,8667,7992,-8%,+3%,instrument
noise maker,8100,12,,5942,7575,7475,8408,+12%,+42%,instrument
study timer,8100,46,,7150,7092,6717,7592,+13%,+6%,keys
binaural,8100,45,,10817,10267,9633,8575,-11%,-21%,konkurenty
attention span,8100,40,,8850,8850,8025,7850,-2%,-11%,maskirovka
productivity chrome extension,8100,1,,99,82,151,7932,+5153%,+7912%,prod
time tracker,8100,81,,9633,10492,9817,8183,-17%,-15%,prod
productivity extension chrome,8100,2,,99,82,151,7932,+5153%,+7912%,sostoyaniya
noise machine,6600,42,,6675,7925,6450,6142,-5%,-8%,instrument
study app,6600,31,,2908,2683,4158,7342,+77%,+152%,instrument
alpha waves,6600,34,,8150,8025,8442,6450,-24%,-21%,konkurenty
sound therapy,6600,38,,6550,6850,7375,7300,-1%,+11%,terapiya
portable white noise generator,5400,33,transactional,1250,1200,1825,5283,+189%,+323%,подсказка: noise generator
white noise generator portable,5400,17,transactional,1250,1200,1825,5283,+189%,+323%,подсказка: noise generator
chillhop,5400,55,,7683,5908,5367,4950,-8%,-36%,ambient
adhd music,5400,5,,4583,4450,5000,4833,-3%,+5%,dinamika
focus app,5400,46,,1942,2058,5467,5158,-6%,+166%,instrument
focus apps,5400,46,,1942,2058,5467,5158,-6%,+166%,instrument
gamma brainwave,5400,10,,2925,2925,4875,5592,+15%,+91%,konkurenty
binaural beats and meditation,5400,18,,1200,1055,2467,5542,+125%,+362%,konkurenty
gamma waves,5400,10,,2925,2925,4875,5592,+15%,+91%,konkurenty
how to make yourself fall asleep,5400,30,,4967,5458,5583,5108,-9%,+3%,konkurenty
meditation and binaural beats,5400,14,,1200,1055,2467,5542,+125%,+362%,konkurenty
music adhd,5400,1,,4583,4450,5000,4833,-3%,+5%,konkurenty
music and adhd,5400,0,,4583,4450,5000,4833,-3%,+5%,konkurenty
ways to fall asleep fast,5400,29,,3758,2917,4775,4917,+3%,+31%,konkurenty
ways to fall asleep faster,5400,21,,3758,2917,4775,4917,+3%,+31%,konkurenty
brainwaves gamma,5400,12,,2925,2925,4875,5592,+15%,+91%,konkurenty
gamma brain waves,5400,23,,2925,2925,4875,5592,+15%,+91%,konkurenty
adhd and natural remedies,5400,0,,10667,11000,8400,5475,-35%,-49%,konkurenty
eel app,5400,2,,2133,3942,3667,5342,+46%,+150%,konkurenty
endel,5400,23,,3508,3717,5050,4833,-4%,+38%,konkurenty
how do you block apps on an iphone,5400,0,,5150,6000,6783,5600,-17%,+9%,konkurenty
how to block apps on iphone,5400,0,,5150,6000,6783,5600,-17%,+9%,konkurenty
natural solutions to add,5400,3,,10667,11000,8400,5475,-35%,-49%,konkurenty
time tracking app,5400,56,,3933,4200,5667,5408,-5%,+38%,prod
website blocker,5400,73,,3867,4333,5592,5067,-9%,+31%,sostoyaniya
noise generator white,4400,55,transactional,5283,9175,5925,4400,-26%,-17%,подсказка: noise generator
white noise machine generator,4400,55,transactional,5283,9175,5925,4400,-26%,-17%,подсказка: noise generator
white-noise generator,4400,55,transactional,5283,9175,5925,4400,-26%,-17%,подсказка: noise generator
best white noise generator,4400,14,commercial,4867,5125,5008,4242,-15%,-13%,подсказка: noise generator
generator white noise,4400,55,transactional,5283,9175,5925,4400,-26%,-17%,подсказка: noise generator
white noise generator,4400,55,transactional,5283,9175,5925,4400,-26%,-17%,подсказка: noise generator
work music,4400,7,,5333,4750,4375,4333,-1%,-19%,dinamika
focus timer,4400,50,,2608,2458,2650,4217,+59%,+62%,dinamika
study tool,4400,47,,993,1143,2223,4308,+94%,+334%,instrument
music and concentration,4400,22,,7033,4883,4617,4183,-9%,-41%,konkurenty
binaural beats for focus,4400,27,,395,455,2147,4758,+122%,+1105%,nejro
music for concentration,4400,17,,7033,4883,4617,4183,-9%,-41%,nejro
concentration music,4400,27,,7033,4883,4617,4183,-9%,-41%,rabota
adhd and hyper focus,4400,34,,6525,6500,5633,4650,-17%,-29%,sosedi
adhd hyper focus,4400,34,,6525,6500,5633,4650,-17%,-29%,sosedi
classroom timer online,4400,18,,2817,2208,2517,3933,+56%,+40%,sosedi
hyper focus and adhd,4400,33,,6525,6500,5633,4650,-17%,-29%,sosedi
hyper focus in adhd,4400,30,,6525,6500,5633,4650,-17%,-29%,sosedi
brown noise machine,3600,8,transactional,7508,4492,3625,3342,-8%,-55%,подсказка: brown noise
noise machine brown noise,3600,8,transactional,7508,4492,3625,3342,-8%,-55%,подсказка: brown noise
brown noise machines,3600,8,informational,7508,4492,3625,3342,-8%,-55%,подсказка: brown noise
ambient sound,3600,39,,4133,4200,7225,3942,-45%,-5%,ambient
ambient sounds,3600,40,,4133,4200,7225,3942,-45%,-5%,ambient
lofi study music,3600,10,,1858,1775,2600,3392,+30%,+83%,ambient
binaural beats for anxiety,3600,41,,833,1033,2800,3775,+35%,+353%,konkurenty
brainf,3600,24,,4767,4400,3933,3458,-12%,-27%,konkurenty
delta waves in sleep,3600,18,,4983,4983,4983,3425,-31%,-31%,konkurenty
how to get to sleep fast,3600,24,,3183,3167,3483,3642,+5%,+14%,konkurenty
productivity hacks,3600,4,,872,811,1648,3817,+132%,+338%,prod
work timer,3600,48,,3275,7983,3808,3967,+4%,+21%,prod
brown noise no ads,2900,2,informational,339,1074,2333,2775,+19%,+719%,подсказка: brown noise
noise colors,2900,12,,4892,5150,3500,2650,-24%,-46%,cveta
white noise for studying,2900,0,,1525,1925,3075,3125,+2%,+105%,dinamika
study helper,2900,74,,706,805,1766,2743,+55%,+289%,instrument
pomodoro app,2900,41,,2058,2125,4267,2883,-32%,+40%,instrument
aesthetic timer,2900,18,,1733,2075,2350,3183,+35%,+84%,keys
simple timer,2900,34,,2958,3192,3350,2917,-13%,-1%,keys
adhd focus music,2900,5,,1340,1675,2625,3108,+18%,+132%,konkurenty
beta brain waves,2900,18,,3350,3300,3392,2925,-14%,-13%,konkurenty
beta waves,2900,23,,3350,3300,3392,2925,-14%,-13%,konkurenty
binaural meaning,2900,27,,1317,2442,2833,2850,+1%,+116%,konkurenty
music and sleep,2900,31,,4150,3667,3617,3192,-12%,-23%,konkurenty
waves beta,2900,24,,3350,3300,3392,2925,-14%,-13%,konkurenty
app that locks apps iphone,2900,18,,4650,5183,4717,3033,-36%,-35%,konkurenty
short attention span,2900,44,,4067,3933,3492,2933,-16%,-28%,maskirovka
productivity extension,2900,4,,59,56,86,3075,+3476%,+5112%,prod
productivity planner,2900,26,,2533,2817,2792,2733,-2%,+8%,prod
focus mode,2900,5,,1325,1617,2233,2733,+22%,+106%,prod
music for studying,2900,18,,4275,2258,2442,2908,+19%,-32%,rabota
white noise studying,2900,0,,1525,1925,3075,3125,+2%,+105%,shum
adhd music for focus,2900,5,,1340,1675,2625,3108,+18%,+132%,sosedi
music for adhd focus,2900,5,,1340,1675,2625,3108,+18%,+132%,sosedi
adhd music focus,2900,5,,1340,1675,2625,3108,+18%,+132%,sosedi
focus music for adhd,2900,8,,1340,1675,2625,3108,+18%,+132%,sosedi
brown noise black screen,2400,0,informational,1532,1883,2483,2317,-7%,+51%,подсказка: brown noise
frequency noise generator,2400,27,informational,1992,2067,2083,2142,+3%,+8%,подсказка: noise generator
noise frequency generator,2400,54,informational,1992,2067,2083,2142,+3%,+8%,подсказка: noise generator
ambient noise,2400,56,,3133,2975,3108,2567,-17%,-18%,ambient
drone music,2400,0,,1642,1600,2133,2250,+5%,+37%,ambient
sound generator,2400,54,,1525,1700,1933,2200,+14%,+44%,cveta
adhd app,2400,2,,3867,3733,3758,2542,-32%,-34%,instrument
adhd apps,2400,2,,3867,3733,3758,2542,-32%,-34%,instrument
noise canceling headphones for adhd,2400,0,,304,286,1545,2617,+69%,+761%,keys
noise cancelling headphones for adhd,2400,0,,304,286,1545,2617,+69%,+761%,keys
noise-canceling headphones for adhd,2400,0,,304,286,1545,2617,+69%,+761%,keys
40hz,2400,0,,1700,2358,2275,2558,+12%,+50%,konkurenty
adhd time blind,2400,21,,2533,2775,2192,2500,+14%,-1%,konkurenty
adhd time blindness,2400,20,,2533,2775,2192,2500,+14%,-1%,konkurenty
brain music,2400,21,,2375,2375,2450,2500,+2%,+5%,konkurenty
how does music affect the brain,2400,37,,1503,1495,1668,2333,+40%,+55%,konkurenty
how does the music affect the brain,2400,36,,1503,1495,1668,2333,+40%,+55%,konkurenty
music and the brain,2400,40,,2375,2375,2450,2500,+2%,+5%,konkurenty
music timer,2400,8,,1315,1440,1850,2673,+44%,+103%,konkurenty
time blind adhd,2400,21,,2533,2775,2192,2500,+14%,-1%,konkurenty
time blindness adhd,2400,20,,2533,2775,2192,2500,+14%,-1%,konkurenty
app block iphone,2400,17,,1867,2025,2642,2150,-19%,+15%,konkurenty
app blocker iphone,2400,17,,1867,2025,2642,2150,-19%,+15%,konkurenty
app to block apps iphone,2400,51,,1867,2025,2642,2150,-19%,+15%,konkurenty
apps to block apps on iphone,2400,39,,1867,2025,2642,2150,-19%,+15%,konkurenty
block apps on iphone,2400,0,,1867,2025,2642,2150,-19%,+15%,konkurenty
iphone app to block apps,2400,51,,1867,2025,2642,2150,-19%,+15%,konkurenty
while sleeping,2400,69,,308,313,343,2221,+548%,+621%,konkurenty
block an app on iphone,2400,11,,1867,2025,2642,2150,-19%,+15%,konkurenty
vibroacoustic therapy,2400,0,,837,1275,1675,2142,+28%,+156%,terapiya
brown noise for studying,1900,10,informational,292,346,1103,1767,+60%,+505%,подсказка: brown noise
spotify brown noise,1900,5,informational,59,40,88,2138,+2330%,+3524%,подсказка: brown noise
brown noise for study,1900,10,informational,292,346,1103,1767,+60%,+505%,подсказка: brown noise
visual timer adhd,1900,0,,231,248,518,2148,+315%,+830%,dinamika
adhd helper,1900,66,,2567,2400,2567,1725,-33%,-33%,dinamika
adhd visual timer,1900,0,,231,248,518,2148,+315%,+830%,keys
visual timer for adhd,1900,0,,231,248,518,2148,+315%,+830%,keys
alpha brain waves,1900,31,,2317,2442,2117,1767,-17%,-24%,konkurenty
binaural beats what are,1900,52,,1992,2275,2150,2100,-2%,+5%,konkurenty
brainwave alpha,1900,29,,2317,2442,2117,1767,-17%,-24%,konkurenty
does music help to study,1900,34,,1428,1428,1418,1775,+25%,+24%,konkurenty
does studying with music help,1900,34,,1428,1428,1418,1775,+25%,+24%,konkurenty
music that can help you study,1900,23,,1428,1428,1418,1775,+25%,+24%,konkurenty
this is your brain on music,1900,42,,1942,1883,2333,2092,-10%,+8%,konkurenty
ways to fall asleep,1900,36,,4950,4333,2642,2042,-23%,-59%,konkurenty
what are binaural beats,1900,41,,1992,2275,2150,2100,-2%,+5%,konkurenty
what is a binaural beat,1900,41,,1992,2275,2150,2100,-2%,+5%,konkurenty
what is binaural beats,1900,41,,1992,2275,2150,2100,-2%,+5%,konkurenty
alexa app pc,1900,28,,3808,5700,3350,2108,-37%,-45%,konkurenty
how to block an app,1900,18,,1250,1500,1750,1892,+8%,+51%,konkurenty
how to block a app,1900,23,,1250,1500,1750,1892,+8%,+51%,konkurenty
natural supplements for adhd adults,1900,2,,4092,4433,3275,2025,-38%,-51%,sosedi
deep brown noise,1600,8,informational,1393,2233,1625,1625,+0%,+17%,подсказка: brown noise
deep focus music,1600,17,,1243,973,1132,1582,+40%,+27%,dinamika
adhd study habits,1600,6,,1967,2075,2000,1683,-16%,-14%,konkurenty
best music for studying,1600,0,,1540,1555,1597,1522,-5%,-1%,konkurenty
best ways to fall asleep faster,1600,21,,597,726,1118,1432,+28%,+140%,konkurenty
binaural beats for studying,1600,10,,437,464,932,1608,+73%,+268%,konkurenty
binaural beats study,1600,27,,437,464,932,1608,+73%,+268%,konkurenty
brainpop careers,1600,15,,1292,3557,2342,1425,-39%,+10%,konkurenty
fast way to fall asleep,1600,20,,1667,1542,1542,1675,+9%,+0%,konkurenty
good study music,1600,4,,1540,1555,1597,1522,-5%,-1%,konkurenty
great music for studying,1600,0,,1540,1555,1597,1522,-5%,-1%,konkurenty
how to make yourself fall asleep fast,1600,27,,1057,955,1120,1583,+41%,+50%,konkurenty
isochronic sound,1600,19,,1983,2067,1867,1667,-11%,-16%,konkurenty
isochronic tones,1600,19,,1983,2067,1867,1667,-11%,-16%,konkurenty
my brain,1600,33,,990,1065,1100,1567,+42%,+58%,konkurenty
best way to fall asleep faster,1600,21,,597,726,1118,1432,+28%,+140%,konkurenty
best music to study to,1600,1,,1540,1555,1597,1522,-5%,-1%,konkurenty
indel,1600,9,,2533,1867,1675,1500,-10%,-41%,konkurenty
tossing and turning at night,1600,0,,1625,2067,2017,1500,-26%,-8%,konkurenty
how to focus better,1600,24,,2567,2483,2133,1582,-26%,-38%,maskirovka
40 hz binaural beats,1600,0,,3125,2642,1567,1558,-1%,-50%,nejro
how to focus with adhd,1600,6,,2058,1900,2025,1625,-20%,-21%,sosedi
how to focus adhd,1600,6,,2058,1900,2025,1625,-20%,-21%,sosedi
charlie brown teacher noise,1300,4,informational,1155,807,880,1175,+34%,+2%,подсказка: brown noise
sleep machine brown noise,1300,6,informational,178,269,968,1357,+40%,+662%,подсказка: brown noise
pink noise vs brown noise,1300,12,informational,981,846,1131,1425,+26%,+45%,подсказка: brown noise
brown noise machine for sleep,1300,13,informational,178,269,968,1357,+40%,+662%,подсказка: brown noise
brown noise sleep machine,1300,13,transactional,178,269,968,1357,+40%,+662%,подсказка: brown noise
brown noise machine for sleeping,1300,13,transactional,178,269,968,1357,+40%,+662%,подсказка: brown noise
pink vs brown noise,1300,14,informational,981,846,1131,1425,+26%,+45%,подсказка: brown noise
office white noise generator,1300,6,transactional,1625,2325,2950,1250,-58%,-23%,подсказка: noise generator
white noise generator amazon,1300,22,transactional,1375,1500,1350,1240,-8%,-10%,подсказка: noise generator
white noise generator for office,1300,6,transactional,1625,2325,2950,1250,-58%,-23%,подсказка: noise generator
white noise generator office,1300,3,transactional,1625,2325,2950,1250,-58%,-23%,подсказка: noise generator
adhd timer,1300,1,,920,972,1055,1275,+21%,+39%,dinamika
adhd organizer,1300,6,,1775,1800,1625,1275,-22%,-28%,instrument
timer for adhd,1300,0,,920,972,1055,1275,+21%,+39%,keys
time timer for adhd,1300,0,,0,0,111,1426,+1185%,,keys
timer adhd,1300,0,,920,972,1055,1275,+21%,+39%,keys
adhd time,1300,27,,920,972,1055,1275,+21%,+39%,konkurenty
alpha wave music,1300,29,,915,1175,1717,1195,-30%,+31%,konkurenty
brain.fm review,1300,4,,229,411,778,1220,+57%,+433%,konkurenty
effect music has on the brain,1300,37,,1460,1280,1474,1306,-11%,-11%,konkurenty
fastest way to go to sleep,1300,26,,967,898,1135,1313,+16%,+36%,konkurenty
freemason levels,1300,9,,1708,1275,1065,1200,+13%,-30%,konkurenty
meaning of focus in science,1300,5,,682,669,738,1242,+68%,+82%,konkurenty
music affects the brain,1300,35,,1460,1280,1474,1306,-11%,-11%,konkurenty
music and effects on the brain,1300,37,,1460,1280,1474,1306,-11%,-11%,konkurenty
music effects on the brain,1300,36,,1460,1280,1474,1306,-11%,-11%,konkurenty
music impacts the brain,1300,35,,1460,1280,1474,1306,-11%,-11%,konkurenty
music's effect on the brain,1300,37,,1460,1280,1474,1306,-11%,-11%,konkurenty
the effects of music on the brain,1300,45,,1460,1280,1474,1306,-11%,-11%,konkurenty
ways to go sleep fast,1300,26,,967,898,1135,1313,+16%,+36%,konkurenty
andel,1300,1,,867,1300,1240,1225,-1%,+41%,konkurenty
endel app,1300,25,,799,792,1275,1275,+0%,+60%,konkurenty
binaural beats app,1300,25,,335,342,1650,1425,-14%,+325%,nejro
brainwave entrainment,1300,10,,1055,1080,1340,1200,-10%,+14%,nejro
alpha waves music,1300,29,,915,1175,1717,1195,-30%,+31%,nejro
productivity timer,1300,43,,1842,2050,1400,1295,-7%,-30%,prod
time management app,1300,21,,786,677,1738,1341,-23%,+71%,prod
study sounds,1300,0,,1180,1232,1530,1409,-8%,+19%,rabota
sounds for studying,1300,0,,1180,1232,1530,1409,-8%,+19%,rabota
coffee shop ambience,1300,23,,2080,1022,1018,1232,+21%,-41%,rabota
cafe ambience,1300,10,,2080,1022,1018,1232,+21%,-41%,rabota
visual timer online free,1300,31,,588,566,823,1267,+54%,+115%,sosedi
brown noise generator,1000,12,transactional,852,558,1081,1060,-2%,+24%,подсказка: brown noise generator
brown noise vs white noise for sleep,1000,1,informational,38,42,1296,1122,-13%,+2853%,подсказка: brown noise
frequency of brown noise,1000,12,informational,530,340,989,975,-1%,+84%,подсказка: brown noise
brown noise frequency,1000,12,informational,530,340,989,975,-1%,+84%,подсказка: brown noise
play brown noise,1000,5,informational,673,1011,1150,990,-14%,+47%,подсказка: brown noise
brownian noise generator,1000,12,informational,852,558,1081,1060,-2%,+24%,подсказка: noise generator
noise generator,1000,33,transactional,1075,1125,1075,1165,+8%,+8%,подсказка: noise generator
ambient mixer,1000,18,,1683,1225,1115,1015,-9%,-40%,ambient
sound masking,1000,10,,1225,1125,1250,975,-22%,-20%,ambient
adhd tool,1000,42,,802,940,970,1108,+14%,+38%,instrument
adhd tools,1000,10,,802,940,970,1108,+14%,+38%,instrument
silent timer,1000,0,,752,822,953,1103,+16%,+47%,keys
40 hz sound,1000,0,,325,506,401,1029,+157%,+217%,konkurenty
does listening music help you study,1000,31,,754,718,826,1075,+30%,+43%,konkurenty
how music affects the brain,1000,36,,798,749,759,1033,+36%,+29%,konkurenty
siriusxm com activate tv enter code,1000,18,,0,113,1463,968,-34%,,konkurenty
natural adhd remedy for adults,1000,6,,1175,1000,1590,1025,-36%,-13%,konkurenty
natural remedies for adhd adults,1000,1,,1175,1000,1590,1025,-36%,-13%,konkurenty
attention span test,1000,1,,808,980,863,949,+10%,+17%,maskirovka
white noise with music,1000,19,,1300,1375,1200,1010,-16%,-22%,muzyka-shum
binaural beats for adhd,1000,4,,485,777,1465,993,-32%,+105%,nejro
adhd binaural beats,1000,4,,485,777,1465,993,-32%,+105%,nejro
productivity system,1000,0,,393,312,455,1177,+159%,+199%,prod
sound timer,1000,23,,822,812,995,1167,+17%,+42%,листинг MT / ревизия 08-31
super deep brown noise,880,24,informational,435,869,749,860,+15%,+98%,подсказка: brown noise
smoothed brown noise,880,0,informational,741,1012,873,815,-7%,+10%,подсказка: brown noise
deep brown noise for sleeping,880,9,informational,58,292,380,771,+103%,+1229%,подсказка: brown noise
brown noise smoothed,880,0,informational,741,1012,873,815,-7%,+10%,подсказка: brown noise
smooth brown noise,880,0,informational,741,1012,873,815,-7%,+10%,подсказка: brown noise
brown noise app,880,1,transactional,1585,782,429,883,+106%,-44%,подсказка: brown noise
brown noise apps,880,1,informational,1585,782,429,883,+106%,-44%,подсказка: brown noise
deep brown noise for sleep,880,6,informational,58,292,380,771,+103%,+1229%,подсказка: brown noise
brown noise for sleep no ads,880,2,informational,0,109,349,867,+148%,,подсказка: brown noise
brown noise smooth,880,0,informational,741,1012,873,815,-7%,+10%,подсказка: brown noise
brown noise for sleeping no ads,880,2,informational,0,109,349,867,+148%,,подсказка: brown noise
pink noise generator,880,10,transactional,1067,1350,1005,950,-5%,-11%,подсказка: noise generator
lofi radio,880,25,,2517,1090,1005,928,-8%,-63%,ambient
coffee shop sounds,880,29,,913,904,878,873,-1%,-4%,dinamika
body doubling app,880,11,,287,473,1057,850,-20%,+196%,instrument
minimal timer,880,12,,25,34,356,805,+126%,+3120%,keys
binaural beats danger,880,12,,1450,1500,1575,929,-41%,-36%,konkurenty
brain frequencies,880,33,,754,911,1065,905,-15%,+20%,konkurenty
brainwave frequencies,880,15,,754,911,1065,905,-15%,+20%,konkurenty
dangers of binaural beats,880,19,,1450,1500,1575,929,-41%,-36%,konkurenty
40 hertz frequency,880,0,,318,915,566,811,+43%,+155%,konkurenty
binaural beats frequencies,880,41,,1030,1425,1175,915,-22%,-11%,konkurenty
binaural frequencies,880,39,,1030,1425,1175,915,-22%,-11%,konkurenty
brainwaves delta,880,16,,1050,1225,1190,914,-23%,-13%,konkurenty
can music help you focus,880,34,,672,568,701,831,+19%,+24%,konkurenty
delta brain waves,880,17,,1050,1225,1190,914,-23%,-13%,konkurenty
delta brainwave,880,10,,1050,1225,1190,914,-23%,-13%,konkurenty
do binaural beats work,880,25,,1140,1080,1105,880,-20%,-23%,konkurenty
does binaural beats work,880,30,,1140,1080,1105,880,-20%,-23%,konkurenty
does music help focus,880,33,,672,568,701,831,+19%,+24%,konkurenty
does music help you focus,880,32,,672,568,701,831,+19%,+24%,konkurenty
frequencies binaural beats,880,41,,1030,1425,1175,915,-22%,-11%,konkurenty
gamma waves 40 hz,880,8,,42,88,700,852,+22%,+1929%,konkurenty
how to easily fall asleep,880,27,,1302,976,952,879,-8%,-32%,konkurenty
misophonia adhd,880,0,,940,950,913,860,-6%,-9%,konkurenty
misophonia and adhd,880,0,,940,950,913,860,-6%,-9%,konkurenty
monaural,880,0,,965,1010,900,860,-4%,-11%,konkurenty
music can help you focus,880,33,,672,568,701,831,+19%,+24%,konkurenty
brain wave frequencies,880,33,,754,911,1065,905,-15%,+20%,konkurenty
frequency of brainwaves,880,27,,754,911,1065,905,-15%,+20%,konkurenty
why do i toss and turn all night,880,0,,1165,1165,1125,955,-15%,-18%,konkurenty
bed that moves up and down,880,21,,919,1108,922,833,-10%,-9%,konkurenty
can you block apps on iphone,880,12,,617,701,840,887,+6%,+44%,konkurenty
how to restrict app on iphone,880,13,,1025,1090,1175,897,-24%,-12%,konkurenty
how to restrict apps on iphone,880,5,,1025,1090,1175,897,-24%,-12%,konkurenty
when sleeping,880,69,,77,95,88,773,+778%,+904%,konkurenty
white noise online,880,38,,1058,937,1010,860,-15%,-19%,konkurenty
without paddle soundtrack,880,0,,1100,1200,1380,846,-39%,-23%,konkurenty
sensory overload adhd,880,20,,1842,1600,1180,823,-30%,-55%,maskirovka
binaural beats generator,880,19,,823,800,870,842,-3%,+2%,nejro
coffee shop noise,880,29,,913,904,878,873,-1%,-4%,prod
cafe sounds,880,29,,913,904,878,873,-1%,-4%,rabota
focus work timer,880,64,,23,19,20,858,+4190%,+3630%,sosedi
time timer app,880,32,,346,338,398,949,+138%,+174%,sosedi
frequency therapy,880,13,,860,1075,995,828,-17%,-4%,terapiya
brown noise for adhd,720,0,informational,343,182,288,730,+153%,+113%,подсказка: brown noise
benefits of brown noise,720,17,informational,1975,1355,1047,731,-30%,-63%,подсказка: brown noise
brown pink white noise,720,10,informational,1195,995,741,655,-12%,-45%,подсказка: brown noise
brown noise benefits,720,11,informational,1975,1355,1047,731,-30%,-63%,подсказка: brown noise
pink brown and white noise,720,10,informational,1195,995,741,655,-12%,-45%,подсказка: brown noise
app for brown noise,720,3,transactional,31,30,48,670,+1296%,+2061%,подсказка: brown noise
pink noise white noise brown noise,720,10,informational,1195,995,741,655,-12%,-45%,подсказка: brown noise
is brown noise harmful,720,2,informational,842,447,932,666,-29%,-21%,подсказка: brown noise
white noise brown noise pink noise,720,10,informational,1195,995,741,655,-12%,-45%,подсказка: brown noise
benefit of brown noise,720,11,informational,1975,1355,1047,731,-30%,-63%,подсказка: brown noise
white noise pink noise brown noise,720,10,informational,1195,995,741,655,-12%,-45%,подсказка: brown noise
pink white brown noise,720,10,informational,1195,995,741,655,-12%,-45%,подсказка: brown noise
white pink and brown noise,720,14,informational,1195,995,741,655,-12%,-45%,подсказка: brown noise
white brown pink noise,720,10,informational,1195,995,741,655,-12%,-45%,подсказка: brown noise
white pink brown noise,720,10,informational,1195,995,741,655,-12%,-45%,подсказка: brown noise
white brown and pink noise,720,10,informational,1195,995,741,655,-12%,-45%,подсказка: brown noise
brown noise pink noise white noise,720,10,informational,1195,995,741,655,-12%,-45%,подсказка: brown noise
white noise generator target,720,0,transactional,885,918,768,673,-12%,-24%,подсказка: noise generator
what is a white noise generator,720,26,informational,692,751,708,749,+6%,+8%,подсказка: noise generator
what is white noise generator,720,46,informational,692,751,708,749,+6%,+8%,подсказка: noise generator
drone sounds,720,0,,435,683,579,664,+15%,+53%,ambient
focus sounds,720,0,,507,468,648,644,-1%,+27%,ambient
adhd music therapy,720,16,,440,479,921,656,-29%,+49%,konkurenty
adhd study music,720,0,,405,479,569,725,+27%,+79%,konkurenty
binaural beats for sleep and anxiety,720,33,,325,406,442,658,+49%,+102%,konkurenty
blog my brain,720,20,,1450,995,920,747,-19%,-48%,konkurenty
brainwave types,720,16,,1077,1180,1032,781,-24%,-27%,konkurenty
switch tasks,720,20,,810,902,862,698,-19%,-14%,konkurenty
switching task,720,18,,810,902,862,698,-19%,-14%,konkurenty
switching tasks,720,16,,810,902,862,698,-19%,-14%,konkurenty
task switch,720,16,,810,902,862,698,-19%,-14%,konkurenty
types of brain waves,720,27,,1077,1180,1032,781,-24%,-27%,konkurenty
ways to get to sleep,720,49,,1100,1062,774,673,-13%,-39%,konkurenty
what are alpha brain waves,720,36,,799,892,675,710,+5%,-11%,konkurenty
what are alpha waves,720,36,,799,892,675,710,+5%,-11%,konkurenty
what are alpha waves in the brain,720,36,,799,892,675,710,+5%,-11%,konkurenty
what are brain waves,720,25,,518,751,681,668,-2%,+29%,konkurenty
what does music do to the brain,720,35,,1358,658,649,716,+10%,-47%,konkurenty
what is a brainwave,720,14,,518,751,681,668,-2%,+29%,konkurenty
what is alpha wave,720,16,,799,892,675,710,+5%,-11%,konkurenty
what is alpha waves,720,33,,799,892,675,710,+5%,-11%,konkurenty
what is alpha waves in the brain,720,36,,799,892,675,710,+5%,-11%,konkurenty
what music does for the brain,720,37,,1358,658,649,716,+10%,-47%,konkurenty
how to help add without medication,720,7,,708,579,652,729,+12%,+3%,konkurenty
noise blocker,720,21,,722,698,725,691,-5%,-4%,maskirovka
white noise for focus,720,0,,168,177,433,720,+66%,+329%,nejro
task timer,720,11,,633,608,1392,672,-52%,+6%,prod
coffitivity,720,6,,1265,1080,982,754,-23%,-40%,rabota
rain sounds for studying,720,5,,318,434,586,658,+12%,+107%,rabota
focus timer app,720,64,,185,172,548,732,+34%,+296%,sosedi
focus timer apps,720,64,,185,172,548,732,+34%,+296%,sosedi
adhd focus supplements,720,0,,751,776,697,728,+4%,-3%,sosedi
focus supplement adhd,720,0,,751,776,697,728,+4%,-3%,sosedi
focus supplements for adhd,720,0,,751,776,697,728,+4%,-3%,sosedi
focus supplement for adhd,720,0,,751,776,697,728,+4%,-3%,sosedi
adhd supplements for focus,720,0,,751,776,697,728,+4%,-3%,sosedi
focus adhd supplement,720,0,,751,776,697,728,+4%,-3%,sosedi
supplements for adhd focus,720,0,,751,776,697,728,+4%,-3%,sosedi
focus supplements adhd,720,0,,751,776,697,728,+4%,-3%,sosedi
supplements for focus adhd,720,3,,751,776,697,728,+4%,-3%,sosedi
supplement for focus adhd,720,3,,751,776,697,728,+4%,-3%,sosedi
noise cancelling app,720,29,,655,677,762,746,-2%,+14%,sostoyaniya
focus aid,720,0,,1325,1020,965,694,-28%,-48%,sostoyaniya
distraction free writing,720,10,,212,226,318,768,+142%,+262%,terapiya
brown noise sound machine,590,0,informational,650,634,468,575,+23%,-12%,подсказка: brown noise
white noise vs brown noise vs pink noise,590,11,informational,280,288,257,552,+115%,+97%,подсказка: brown noise
white noise vs pink noise vs brown noise,590,4,informational,812,484,459,595,+30%,-27%,подсказка: brown noise
free brown noise,590,0,transactional,928,985,725,588,-19%,-37%,подсказка: brown noise
pink noise vs white noise vs brown noise,590,6,informational,812,484,459,595,+30%,-27%,подсказка: brown noise
white vs pink vs brown noise,590,13,informational,812,484,459,595,+30%,-27%,подсказка: brown noise
white vs brown noise,590,0,informational,719,608,566,573,+1%,-20%,подсказка: brown noise
alexa brown noise skill,590,0,transactional,0,11,17,571,+3259%,,подсказка: brown noise
white versus brown noise,590,11,informational,719,608,566,573,+1%,-20%,подсказка: brown noise
what is brown noise vs white noise,590,0,informational,297,376,218,541,+148%,+82%,подсказка: brown noise
brown noise for sleep app,590,0,informational,46,49,182,608,+234%,+1222%,подсказка: brown noise
brown vs pink vs white noise,590,13,informational,812,484,459,595,+30%,-27%,подсказка: brown noise
brown noise sound machines,590,0,informational,650,634,468,575,+23%,-12%,подсказка: brown noise
brown noise free,590,0,informational,928,985,725,588,-19%,-37%,подсказка: brown noise
what does brown noise do,590,27,informational,1016,832,717,617,-14%,-39%,подсказка: brown noise
sound machine with brown noise,590,3,transactional,650,634,468,575,+23%,-12%,подсказка: brown noise
sound machine brown noise,590,3,informational,650,634,468,575,+23%,-12%,подсказка: brown noise
online white noise generator,590,32,informational,725,791,762,566,-26%,-22%,подсказка: noise generator
perlin noise generator,590,15,transactional,291,349,414,534,+29%,+84%,подсказка: noise generator
white noise generator online,590,32,informational,725,791,762,566,-26%,-22%,подсказка: noise generator
background ambience,590,39,,518,520,546,582,+7%,+12%,ambient
ambient music for studying,590,11,,158,111,215,543,+153%,+244%,ambient
ambient study music,590,11,,158,111,215,543,+153%,+244%,ambient
minimalist timer,590,8,,122,119,269,582,+116%,+377%,dinamika
pomodoro timer for adhd,590,9,,8,20,58,590,+917%,+7275%,keys
white noise for adhd,590,13,,549,494,638,586,-8%,+7%,keys
calm timer,590,7,,272,285,383,632,+65%,+132%,keys
1-3-5 rule,590,0,,236,378,482,585,+21%,+148%,konkurenty
adhd and noise sensitivity,590,1,,1175,950,857,582,-32%,-50%,konkurenty
adhd focus,590,10,,679,712,658,557,-15%,-18%,konkurenty
adhd noise sensitivity,590,0,,1175,950,857,582,-32%,-50%,konkurenty
alpha brain wave frequency,590,15,,564,544,476,557,+17%,-1%,konkurenty
alpha brainwave frequencies,590,29,,564,544,476,557,+17%,-1%,konkurenty
alpha brainwave frequency,590,36,,564,544,476,557,+17%,-1%,konkurenty
alpha waves frequency,590,33,,564,544,476,557,+17%,-1%,konkurenty
best music to listen to while studying,590,0,,471,487,549,577,+5%,+23%,konkurenty
binaural beats benefits,590,19,,670,668,800,536,-33%,-20%,konkurenty
brain fm log in,590,14,,103,73,146,542,+271%,+426%,konkurenty
brain fm reddit,590,4,,105,346,428,535,+25%,+410%,konkurenty
brain.fm login,590,11,,103,73,146,542,+271%,+426%,konkurenty
brain.fm reddit,590,5,,105,346,428,535,+25%,+410%,konkurenty
can music help you sleep,590,15,,670,566,608,608,+0%,-9%,konkurenty
does music help you sleep,590,15,,670,566,608,608,+0%,-9%,konkurenty
easy ways to fall asleep,590,26,,819,704,657,578,-12%,-29%,konkurenty
focus frequency,590,36,,365,462,595,551,-7%,+51%,konkurenty
good music to listen to while studying,590,9,,471,487,549,577,+5%,+23%,konkurenty
how to do the 1x1x1x1 ritual,590,0,,0,0,0,602,,,konkurenty
meditation and productivity,590,0,,219,190,433,582,+34%,+166%,konkurenty
music for physics,590,0,,557,638,599,588,-2%,+6%,konkurenty
what are delta waves,590,9,,499,519,575,654,+14%,+31%,konkurenty
what is gamma waves,590,18,,248,266,421,578,+37%,+133%,konkurenty
what is good study music,590,6,,262,330,479,572,+19%,+118%,konkurenty
what music is best for studying,590,10,,262,330,479,572,+19%,+118%,konkurenty
brain fm login,590,11,,103,73,146,542,+271%,+426%,konkurenty
what are gamma waves,590,30,,248,266,421,578,+37%,+133%,konkurenty
what is a gamma wave,590,25,,248,266,421,578,+37%,+133%,konkurenty
endal,590,0,,262,592,648,600,-7%,+129%,konkurenty
endel app review,590,13,,324,280,717,572,-20%,+77%,konkurenty
endel sound,590,26,,120,120,458,567,+24%,+372%,konkurenty
how to block app on ipad,590,15,,541,714,683,575,-16%,+6%,konkurenty
how to block apps on ipad,590,15,,541,714,683,575,-16%,+6%,konkurenty
how to block certain apps from being downloaded on iphone,590,0,,124,325,318,598,+88%,+382%,konkurenty
how to stop moving in your sleep,590,3,,781,897,877,612,-30%,-22%,konkurenty
indole meaning,590,18,,305,414,500,555,+11%,+82%,konkurenty
natural ways to help add,590,13,,907,883,767,537,-30%,-41%,konkurenty
natural ways to help adhd,590,9,,907,883,767,537,-30%,-41%,konkurenty
what does white noise do,590,16,,671,668,658,593,-10%,-12%,konkurenty
white noise machine for anxiety,590,12,,10,12,1023,553,-46%,+5430%,konkurenty
music that helps you focus,590,2,,618,571,745,648,-13%,+5%,nejro
productivity music,590,4,,860,829,754,631,-16%,-27%,prod
adhd white noise,590,13,,549,494,638,586,-8%,+7%,shum
focus adult adhd clinic,590,0,,9,280,396,583,+47%,+6378%,sosedi
adhd how to focus,590,10,,679,712,658,557,-15%,-18%,sosedi
focus adhd,590,14,,679,712,658,557,-15%,-18%,sosedi
focus for adhd,590,10,,679,712,658,557,-15%,-18%,sosedi
focus with adhd,590,20,,679,712,658,557,-15%,-18%,sosedi
desktop timer,590,6,,605,722,584,524,-10%,-13%,листинг MT / ревизия 08-31
best brown noise machines,480,21,commercial,670,704,400,446,+12%,-33%,подсказка: brown noise
what is brown noise good for,480,8,informational,501,598,560,478,-15%,-5%,подсказка: brown noise
difference between white noise and brown noise,480,4,informational,659,458,470,435,-7%,-34%,подсказка: brown noise
brown noise south park,480,7,informational,692,461,392,456,+16%,-34%,подсказка: brown noise
the brown noise south park,480,5,informational,692,461,392,456,+16%,-34%,подсказка: brown noise
south park brown noise,480,0,informational,692,461,392,456,+16%,-34%,подсказка: brown noise
is brown noise good for sleep,480,0,informational,475,482,470,485,+3%,+2%,подсказка: brown noise
is brown noise good for sleeping,480,0,informational,475,482,470,485,+3%,+2%,подсказка: brown noise
difference between white and brown noise,480,6,informational,622,478,459,459,+0%,-26%,подсказка: brown noise
brown noise vs pink noise,480,11,informational,681,389,502,445,-11%,-35%,подсказка: brown noise
youtube brown noise for sleep,480,1,informational,19,62,52,500,+862%,+2532%,подсказка: brown noise
brown noise versus pink noise,480,7,informational,681,389,502,445,-11%,-35%,подсказка: brown noise
brown noise 12 hours,480,5,informational,362,398,488,465,-5%,+28%,подсказка: brown noise
brown noise for focus,480,14,informational,156,128,200,496,+148%,+218%,подсказка: brown noise
loud brown noise,480,9,informational,385,555,564,468,-17%,+22%,подсказка: brown noise
best brown noise machine,480,21,commercial,670,704,400,446,+12%,-33%,подсказка: brown noise
brown noise black screen no ads,480,0,informational,341,438,595,538,-10%,+58%,подсказка: brown noise
ambient noise generator,480,55,transactional,401,376,336,513,+53%,+28%,подсказка: noise generator
fan noise generator app,480,14,transactional,0,0,104,475,+357%,,подсказка: noise generator
background noise generator,480,55,transactional,401,376,336,513,+53%,+28%,подсказка: noise generator
noise background generator,480,31,transactional,401,376,336,513,+53%,+28%,подсказка: noise generator
generative music,480,27,,410,330,225,417,+85%,+2%,ambient
focus helper,480,41,,573,537,577,452,-22%,-21%,instrument
brainmd login,480,0,,302,346,292,525,+80%,+74%,konkurenty
best frequency,480,4,,353,335,548,470,-14%,+33%,konkurenty
brain focus,480,49,,635,604,535,546,+2%,-14%,konkurenty
brainpop jobs,480,4,,632,532,472,502,+6%,-21%,konkurenty
can listening to music help you sleep,480,14,,394,430,382,482,+26%,+22%,konkurenty
delta wave frequency,480,13,,222,196,440,446,+1%,+101%,konkurenty
does brain fm work,480,2,,61,208,240,448,+87%,+634%,konkurenty
does brain.fm work,480,3,,61,208,240,448,+87%,+634%,konkurenty
does listening to music help you sleep,480,15,,394,430,382,482,+26%,+22%,konkurenty
for studying,480,12,,48,46,51,511,+902%,+965%,konkurenty
gamma bands,480,0,,476,518,459,479,+4%,+1%,konkurenty
gamma frequencies,480,14,,454,412,543,486,-10%,+7%,konkurenty
gamma frequency,480,18,,454,412,543,486,-10%,+7%,konkurenty
gamma waves frequency,480,27,,367,503,728,425,-42%,+16%,konkurenty
how to do 1x1x1x1 ritual,480,0,,0,0,0,474,,,konkurenty
how to make a person fall asleep,480,49,,694,708,604,450,-25%,-35%,konkurenty
i can't focus on anything,480,13,,608,508,414,523,+26%,-14%,konkurenty
jobs at brainpop,480,6,,632,532,472,502,+6%,-21%,konkurenty
music ai app,480,70,,62,250,243,435,+79%,+602%,konkurenty
what is the fastest way to fall asleep,480,28,,219,228,278,439,+58%,+100%,konkurenty
what will make you fall asleep fast,480,25,,430,409,474,459,-3%,+7%,konkurenty
endl,480,10,,642,593,572,546,-5%,-15%,konkurenty
how to ban apps on iphone,480,1,,236,326,516,444,-14%,+88%,konkurenty
how to block apps on app store,480,3,,109,159,222,473,+113%,+334%,konkurenty
toss and turn,480,0,,435,442,416,460,+11%,+6%,konkurenty
stochastic resonance,480,9,,386,421,355,462,+30%,+20%,maskirovka
productivity tracker,480,26,,738,636,762,482,-37%,-35%,prod
productivity apps for adhd,480,3,,86,100,339,481,+42%,+459%,prod
background music for work,480,14,,315,672,499,461,-8%,+46%,prod
best noise for studying,480,0,,380,501,624,515,-17%,+36%,shum
vitamins for adhd adults,480,0,,846,1115,682,458,-33%,-46%,sosedi
adhd and focus,480,14,,437,482,529,476,-10%,+9%,sosedi
focus and adhd,480,20,,437,482,529,476,-10%,+9%,sosedi
focus on adhd,480,20,,437,482,529,476,-10%,+9%,sosedi
sound therapy for sleep,480,21,,120,151,1073,473,-56%,+294%,terapiya
sound therapy for anxiety,480,12,,220,245,1348,448,-67%,+104%,terapiya
brown noise examples,390,8,informational,1390,1030,446,386,-13%,-72%,подсказка: brown noise
what does brown noise sound like,390,26,informational,515,578,367,395,+8%,-23%,подсказка: brown noise
what's the difference between white noise and brown noise,390,5,informational,472,308,338,401,+19%,-15%,подсказка: brown noise
12 hour brown noise,390,7,informational,332,399,312,422,+35%,+27%,подсказка: brown noise
brown pink noise,390,8,informational,438,478,351,429,+22%,-2%,подсказка: brown noise
pink brown noise,390,8,informational,438,478,351,429,+22%,-2%,подсказка: brown noise
brown noise example,390,8,informational,1390,1030,446,386,-13%,-72%,подсказка: brown noise
example of brown noise,390,8,informational,1390,1030,446,386,-13%,-72%,подсказка: brown noise
brown noise youtube 10 hours,390,3,informational,123,76,429,427,-0%,+247%,подсказка: brown noise
12-hour brown noise,390,7,informational,332,399,312,422,+35%,+27%,подсказка: brown noise
pink and brown noise,390,8,informational,438,478,351,429,+22%,-2%,подсказка: brown noise
examples of brown noise,390,8,informational,1390,1030,446,386,-13%,-72%,подсказка: brown noise
brown noise pink noise,390,8,informational,438,478,351,429,+22%,-2%,подсказка: brown noise
brown and pink noise,390,8,informational,438,478,351,429,+22%,-2%,подсказка: brown noise
brown bear noise,390,0,informational,220,289,408,363,-11%,+65%,подсказка: brown noise
pink noise brown noise,390,11,informational,438,478,351,429,+22%,-2%,подсказка: brown noise
generator noise box,390,0,transactional,676,715,624,419,-33%,-38%,подсказка: noise generator
white noise generator for office privacy,390,7,transactional,608,442,505,356,-30%,-41%,подсказка: noise generator
noise reduction box for generator,390,0,transactional,492,583,515,385,-25%,-22%,подсказка: noise generator
high frequency noise generator,390,18,transactional,382,380,410,358,-13%,-6%,подсказка: noise generator
white noise generator office privacy,390,3,transactional,608,442,505,356,-30%,-41%,подсказка: noise generator
generator noise reduction box,390,0,transactional,492,583,515,385,-25%,-22%,подсказка: noise generator
generator box to reduce noise,390,0,transactional,492,583,515,385,-25%,-22%,подсказка: noise generator
noise box for generator,390,0,transactional,676,715,624,419,-33%,-38%,подсказка: noise generator
noise reduction generator box,390,0,transactional,492,583,515,385,-25%,-22%,подсказка: noise generator
ambient sounds app,390,56,,53,48,80,407,+409%,+668%,ambient
atmospheric sounds,390,37,,535,478,505,401,-21%,-25%,ambient
adhd to do list,390,4,,407,444,490,399,-19%,-2%,instrument
concentration timer,390,48,,595,564,502,402,-20%,-32%,instrument
timer for time blindness,390,,,0,0,856,428,-50%,,keys
classical music adhd,390,0,,93,97,530,420,-21%,+352%,konkurenty
classical music and adhd,390,0,,93,97,530,420,-21%,+352%,konkurenty
adhd and tinnitus,390,0,,458,494,457,362,-21%,-21%,konkurenty
adhd calm music,390,9,,131,134,331,379,+15%,+189%,konkurenty
adhd concentration music,390,3,,259,286,337,402,+19%,+55%,konkurenty
adhd ringing ears,390,0,,458,494,457,362,-21%,-21%,konkurenty
adhd sound,390,3,,176,252,503,387,-23%,+120%,konkurenty
adhd sounds,390,6,,176,252,503,387,-23%,+120%,konkurenty
binaural beats 5.8 hz benefits,390,23,,0,0,361,345,-4%,,konkurenty
brain application,390,56,,562,553,500,418,-16%,-26%,konkurenty
brain fm cost,390,3,,52,108,231,384,+66%,+638%,konkurenty
brain mobile,390,12,,42,41,136,382,+181%,+810%,konkurenty
how do you disable apps on iphone,390,0,,508,508,474,405,-15%,-20%,konkurenty
how to block certain apps on iphone,390,0,,1190,692,518,364,-30%,-69%,konkurenty
how to disable an app on iphone,390,0,,508,508,474,405,-15%,-20%,konkurenty
how to disable apps in iphone,390,0,,508,508,474,405,-15%,-20%,konkurenty
how to disable apps on iphone,390,0,,508,508,474,405,-15%,-20%,konkurenty
how to stop tossing and turning at night,390,0,,374,452,474,428,-10%,+14%,konkurenty
how to treat adhd naturally,390,19,,635,738,731,431,-41%,-32%,konkurenty
leaving records,390,28,,537,617,505,390,-23%,-27%,konkurenty
toss and turn all night,390,0,,582,646,502,386,-23%,-34%,konkurenty
tossing and turning all night,390,0,,582,646,502,386,-23%,-34%,konkurenty
tossed and turned all night,390,0,,582,646,502,386,-23%,-34%,konkurenty
improve attention span,390,11,,529,564,520,373,-28%,-29%,maskirovka
increase attention span,390,11,,529,564,520,373,-28%,-29%,maskirovka
rain sounds with music,390,21,,435,440,579,428,-26%,-2%,muzyka-shum
music with rain sounds,390,21,,435,440,579,428,-26%,-2%,muzyka-shum
adhd focus techniques,390,11,,606,528,412,392,-5%,-35%,sosedi
over focus adhd,390,31,,1242,1250,865,362,-58%,-71%,sosedi
focus tips for adhd,390,11,,606,528,412,392,-5%,-35%,sosedi
how to focus with adhd without medication,390,1,,455,505,432,408,-6%,-10%,sosedi
focus techniques for adhd,390,11,,606,528,412,392,-5%,-35%,sosedi
adhd focus tips,390,11,,606,528,412,392,-5%,-35%,sosedi
focus techniques adhd,390,11,,606,528,412,392,-5%,-35%,sosedi
sound therapy app,390,10,,108,96,126,402,+219%,+272%,sostoyaniya
12 hours brown noise no ads,320,2,navigational,0,0,81,303,+274%,,подсказка: brown noise
free brown noise for sleep,320,0,informational,72,158,142,299,+111%,+315%,подсказка: brown noise
brown noise for sleep black screen,320,4,informational,116,111,230,332,+44%,+186%,подсказка: brown noise
the brown noise,320,8,informational,1008,478,344,322,-6%,-68%,подсказка: brown noise
free brown noise for sleeping,320,0,transactional,72,158,142,299,+111%,+315%,подсказка: brown noise
brown noise 12 hours no ads,320,1,informational,98,214,381,303,-20%,+209%,подсказка: brown noise
brown noise sounds,320,10,informational,979,869,476,352,-26%,-64%,подсказка: brown noise
brown noise vs white noise vs pink noise,320,5,informational,285,195,170,293,+72%,+3%,подсказка: brown noise
brown noise no ads black screen,320,0,informational,11,23,58,291,+402%,+2545%,подсказка: brown noise
what is the difference between white noise and brown noise,320,0,informational,384,264,268,305,+14%,-21%,подсказка: brown noise
brown noise for dogs,320,0,informational,109,126,191,322,+69%,+195%,подсказка: brown noise
brown noise sleep sound,320,0,informational,407,1800,689,350,-49%,-14%,подсказка: brown noise
brown noise 1 hour,320,0,informational,287,321,299,309,+3%,+8%,подсказка: brown noise
brown noise sound,320,6,informational,979,869,476,352,-26%,-64%,подсказка: brown noise
academic brown noise,320,0,informational,3,64,192,326,+70%,+10767%,подсказка: brown noise
brown noise sleep sounds,320,0,informational,407,1800,689,350,-49%,-14%,подсказка: brown noise
green noise generator,320,18,transactional,162,313,551,306,-44%,+89%,подсказка: noise generator
white noise generator fan,320,8,transactional,410,389,302,344,+14%,-16%,подсказка: noise generator
soundscapes app,320,31,,145,184,337,317,-6%,+119%,ambient
ambient sound generator,320,55,,70,59,57,302,+430%,+331%,ambient
endel subscription,320,19,,48,74,78,306,+292%,+538%,konkurenty
white noise effects on brain,320,0,,793,648,529,285,-46%,-64%,konkurenty
white noise for anxiety,320,8,,178,151,306,329,+8%,+85%,konkurenty
how to concentrate,320,17,,725,540,428,343,-20%,-53%,maskirovka
gamma waves music,320,11,,65,195,655,315,-52%,+385%,nejro
adhd frequency,320,4,,67,96,1101,312,-72%,+366%,nejro
productivity booster,320,11,,219,252,360,350,-3%,+60%,prod
focus noise,320,0,,198,268,340,333,-2%,+68%,rabota
white noise office,320,0,,418,404,425,340,-20%,-19%,shum
office white noise,320,11,,418,404,425,340,-20%,-19%,shum
white noise for work,320,0,,188,250,354,323,-9%,+72%,shum
white noise for concentration,320,0,,226,221,306,322,+5%,+42%,shum
focus medicine for adhd,320,46,,460,363,393,328,-17%,-29%,sosedi
focus drugs adhd,320,46,,460,363,393,328,-17%,-29%,sosedi
adhd focus medicine,320,46,,460,363,393,328,-17%,-29%,sosedi
adhd medication for focus,320,46,,460,363,393,328,-17%,-29%,sosedi
focus medication for adhd,320,29,,460,363,393,328,-17%,-29%,sosedi
adhd focus medication,320,46,,460,363,393,328,-17%,-29%,sosedi
youtube adhd focus music,320,9,,61,99,265,353,+33%,+479%,sosedi
focus adhd medication,320,46,,460,363,393,328,-17%,-29%,sosedi
youtube brown noise black screen,260,6,informational,215,238,170,238,+40%,+11%,подсказка: brown noise
youtube deep brown noise,260,11,informational,28,92,132,242,+83%,+764%,подсказка: brown noise
green noise vs brown noise,260,12,informational,1090,887,470,270,-43%,-75%,подсказка: brown noise
what brown noise,260,11,informational,582,378,288,242,-16%,-58%,подсказка: brown noise
brown noise for anxiety,260,0,informational,284,102,85,273,+221%,-4%,подсказка: brown noise
difference between brown noise and white noise,260,14,informational,378,246,249,257,+3%,-32%,подсказка: brown noise
brown noise adhd,260,0,informational,3272,597,469,244,-48%,-93%,подсказка: brown noise
brown noise sleep reddit,260,0,navigational,12,11,354,289,-18%,+2308%,подсказка: brown noise
brown noise no ads 12 hours,260,2,informational,8,15,41,245,+498%,+2962%,подсказка: brown noise
does brown noise help you sleep,260,9,informational,348,270,265,248,-6%,-29%,подсказка: brown noise
brown noise black screen for sleep,260,10,informational,0,0,20,261,+1205%,,подсказка: brown noise
brown noise meaning,260,27,informational,250,232,291,286,-2%,+14%,подсказка: brown noise
random noise generator,260,9,informational,206,192,222,251,+13%,+22%,подсказка: noise generator
ambient soundscape,260,19,,115,102,107,280,+162%,+143%,ambient
ambient music for work,260,0,,64,67,201,269,+34%,+320%,ambient
noise machine app,260,62,,291,271,239,262,+10%,-10%,cveta
quiet timer,260,1,,214,152,200,240,+20%,+12%,keys
adhd sound app,260,0,,0,138,294,234,-20%,,konkurenty
adhd sounds app,260,3,,0,138,294,234,-20%,,konkurenty
endel review,260,13,,164,179,322,237,-26%,+45%,konkurenty
endel reviews,260,15,,164,179,322,237,-26%,+45%,konkurenty
how to ban an app on iphone,260,0,,126,157,173,240,+39%,+90%,konkurenty
how to less sleep,260,11,,819,658,462,246,-47%,-70%,konkurenty
how to stop sleeping on your side,260,20,,262,317,313,266,-15%,+2%,konkurenty
moving in sleep,260,12,,422,412,343,271,-21%,-36%,konkurenty
moving in your sleep,260,8,,422,412,343,271,-21%,-36%,konkurenty
moving while sleeping,260,3,,422,412,343,271,-21%,-36%,konkurenty
natural ways to manage adhd,260,11,,328,350,327,239,-27%,-27%,konkurenty
screen time block apps,260,46,,78,87,128,283,+121%,+263%,konkurenty
stop sleep,260,77,,170,198,178,234,+31%,+38%,konkurenty
improve concentration,260,26,,604,440,405,292,-28%,-52%,maskirovka
auditory stimulation,260,0,,345,323,276,251,-9%,-27%,maskirovka
frequency for focus,260,20,,206,297,323,266,-18%,+29%,nejro
background noise for studying,260,0,,315,312,291,270,-7%,-14%,rabota
study ambience,260,0,,138,182,222,244,+10%,+77%,rabota
study background noise,260,0,,315,312,291,270,-7%,-14%,rabota
pomodoro focus timer,260,47,,112,109,140,246,+76%,+120%,sosedi
neurodivergent music for adhd,260,0,,225,385,388,248,-36%,+10%,sosedi
over-the-counter supplements for adhd,260,0,,707,540,487,285,-41%,-60%,sosedi
how to stay focus with adhd,260,3,,344,339,293,262,-11%,-24%,sosedi
adhd focus therapy,260,15,,0,14,37,281,+659%,,sosedi
focus gummies for adhd,260,2,,231,350,397,251,-37%,+9%,sosedi
how to focus better with adhd,260,11,,339,453,411,284,-31%,-16%,sosedi
study timer online aesthetic,260,19,,205,124,230,256,+11%,+25%,sosedi
time timer desktop app,260,15,,48,48,190,236,+24%,+392%,sosedi
focus pomodoro timer,260,48,,112,109,140,246,+76%,+120%,sosedi
block distractions app,260,61,,40,40,96,238,+148%,+495%,sostoyaniya
digital distraction,260,15,,163,198,238,260,+9%,+60%,terapiya
brown noise for sleep youtube,210,10,informational,147,363,92,199,+116%,+35%,подсказка: brown noise
does brown noise make you poop,210,10,informational,226,219,211,220,+4%,-3%,подсказка: brown noise
brown noise 10 hour,210,2,informational,444,282,252,206,-18%,-54%,подсказка: brown noise
amazon music brown noise,210,0,informational,10,47,22,212,+864%,+2020%,подсказка: brown noise
youtube brown noise no ads,210,0,informational,22,48,109,192,+76%,+773%,подсказка: brown noise
portable brown noise machine,210,9,transactional,37,44,99,229,+131%,+519%,подсказка: brown noise
deep layered brown noise,210,16,informational,306,317,256,223,-13%,-27%,подсказка: brown noise
brown noise for sleep free,210,0,informational,40,298,354,228,-36%,+470%,подсказка: brown noise
brown bat noise,210,0,informational,192,213,262,221,-16%,+15%,подсказка: brown noise
brown noise 10 hours,210,2,informational,444,282,252,206,-18%,-54%,подсказка: brown noise
generator low noise,210,0,transactional,215,264,260,193,-26%,-10%,подсказка: noise generator
generator with low noise,210,0,transactional,215,264,260,193,-26%,-10%,подсказка: noise generator
low noise generator,210,0,transactional,215,264,260,193,-26%,-10%,подсказка: noise generator
low noise electric generator,210,0,transactional,215,264,260,193,-26%,-10%,подсказка: noise generator
focus tool,210,7,,194,180,202,206,+2%,+6%,instrument
focus tools,210,7,,194,180,202,206,+2%,+6%,instrument
focus booster,210,1,,302,306,365,203,-44%,-33%,instrument
how to reduce tossing and turning while sleeping,210,0,,836,992,595,228,-62%,-73%,konkurenty
how to block an app permanently on iphone,210,0,,0,118,152,218,+43%,,konkurenty
how to not move in your sleep,210,7,,239,253,266,208,-22%,-13%,konkurenty
how to not move while sleeping,210,0,,239,253,266,208,-22%,-13%,konkurenty
how to stop sleeping,210,29,,201,240,237,212,-11%,+5%,konkurenty
is there a way to block apps on iphone,210,1,,72,112,142,202,+42%,+181%,konkurenty
pleasant sound,210,0,,168,172,161,185,+15%,+10%,konkurenty
toss and turn sleep,210,0,,208,167,174,197,+13%,-5%,konkurenty
tossing and turning in sleep,210,0,,208,167,174,197,+13%,-5%,konkurenty
tossing and turning meaning,210,0,,161,157,155,198,+28%,+23%,konkurenty
tossing and turning sleep,210,0,,208,167,174,197,+13%,-5%,konkurenty
what is endel,210,25,,102,97,141,193,+37%,+89%,konkurenty
why do i move a lot in my sleep,210,6,,198,242,290,215,-26%,+9%,konkurenty
why do i move around so much in my sleep,210,9,,168,181,190,198,+4%,+18%,konkurenty
why do i toss and turn in my sleep,210,0,,99,111,81,212,+162%,+114%,konkurenty
why do people move in their sleep,210,0,,202,211,217,212,-2%,+5%,konkurenty
work timer app,210,66,,272,303,294,201,-32%,-26%,prod
adhd noise,210,9,,194,212,347,212,-39%,+9%,shum
pomodoro timer for focus,210,57,,0,0,30,194,+547%,,sosedi
adhd music binaural beats,210,0,,0,2,87,202,+132%,,sosedi
adhd focus friend book,210,0,,0,0,1855,210,-89%,,sosedi
distraction free browser,210,23,,11,13,12,201,+1575%,+1727%,sostoyaniya
brain training for focus,210,72,,51,44,184,193,+5%,+278%,sostoyaniya
avoid distractions,210,26,,204,228,272,217,-20%,+6%,terapiya
audio therapy,210,32,,243,266,275,197,-28%,-19%,terapiya
what is the difference between brown noise and white noise,170,3,informational,183,108,112,158,+41%,-14%,подсказка: brown noise
hatch brown noise,170,0,informational,247,252,130,159,+22%,-36%,подсказка: brown noise
brown noise for deep sleep,170,3,informational,48,92,132,165,+25%,+244%,подсказка: brown noise
free brown noise apps,170,2,informational,550,295,276,159,-42%,-71%,подсказка: brown noise
brown noise youtube no ads,170,6,informational,136,131,187,154,-18%,+13%,подсказка: brown noise
brown noise machine for adhd,170,0,informational,18,8,242,177,-27%,+883%,подсказка: brown noise
sound machines with brown noise,170,3,informational,224,198,151,162,+7%,-28%,подсказка: brown noise
sounds for life brown noise loop,170,0,informational,12,83,92,152,+65%,+1167%,подсказка: brown noise
what is brown noise for sleep,170,12,informational,94,168,112,183,+63%,+95%,подсказка: brown noise
dark brown noise,170,13,informational,192,272,198,164,-17%,-15%,подсказка: brown noise
soft brown noise,170,0,informational,92,111,218,158,-28%,+72%,подсказка: brown noise
deep smooth brown noise,170,12,informational,127,212,253,172,-32%,+35%,подсказка: brown noise
what is brown noise for sleeping,170,12,informational,94,168,112,183,+63%,+95%,подсказка: brown noise
what frequency is brown noise,170,32,informational,163,187,163,168,+3%,+3%,подсказка: brown noise
soothing brown noise for sleeping,170,13,informational,0,0,0,170,,,подсказка: brown noise
softened brown noise,170,0,informational,92,111,218,158,-28%,+72%,подсказка: brown noise
brown noise for adhd sleep,170,3,informational,21,18,18,153,+750%,+629%,подсказка: brown noise
free brown noise app,170,2,transactional,550,295,276,159,-42%,-71%,подсказка: brown noise
deep smoothed brown noise,170,13,informational,127,212,253,172,-32%,+35%,подсказка: brown noise
what's the difference between brown noise and white noise,170,11,informational,192,123,170,161,-5%,-16%,подсказка: brown noise
noise generator online,170,55,informational,291,191,173,180,+4%,-38%,подсказка: noise generator
battery powered white noise generator,170,10,transactional,150,164,174,152,-13%,+1%,подсказка: noise generator
white noise generator app,170,59,transactional,172,116,138,181,+31%,+5%,подсказка: noise generator
online noise generator,170,55,informational,291,191,173,180,+4%,-38%,подсказка: noise generator
adhd productivity app,170,3,,173,178,198,158,-20%,-9%,instrument
focus buddy,170,7,,30,45,236,178,-25%,+493%,instrument
study companion,170,0,,42,49,98,169,+72%,+302%,instrument
study timer online,170,34,,172,137,143,150,+5%,-13%,instrument
pomodoro extension,170,33,,197,218,273,163,-40%,-17%,instrument
can i block apps on iphone,170,4,,95,116,154,178,+16%,+87%,konkurenty
endele,170,0,,166,212,194,194,+0%,+17%,konkurenty
endellion,170,0,,170,193,153,172,+12%,+1%,konkurenty
endelsound,170,29,,62,49,198,167,-16%,+169%,konkurenty
i toss and turn all night,170,0,,154,178,158,178,+13%,+16%,konkurenty
innie app,170,0,,0,0,0,158,,,konkurenty
natural add help,170,0,,169,155,142,159,+12%,-6%,konkurenty
natural remedies for focus,170,0,,229,310,212,176,-17%,-23%,konkurenty
what is endel app,170,24,,28,32,89,161,+81%,+475%,konkurenty
why do i keep tossing and turning at night,170,0,,158,227,232,163,-30%,+3%,konkurenty
noisy office,170,3,,249,249,224,186,-17%,-25%,maskirovka
office noise cancelling,170,0,,314,239,235,176,-25%,-44%,maskirovka
block out noise,170,8,,156,140,128,162,+27%,+4%,maskirovka
concentration exercises,170,14,,262,252,232,157,-32%,-40%,maskirovka
40 hz gamma,170,11,,67,117,141,160,+13%,+139%,nejro
adhd productivity,170,2,,244,219,222,172,-23%,-30%,prod
office noise,170,5,,249,249,224,186,-17%,-25%,prod
library ambience,170,0,,132,165,160,160,+0%,+21%,rabota
concentration sounds,170,18,,218,245,233,192,-18%,-12%,rabota
sounds for concentration,170,18,,218,245,233,192,-18%,-12%,rabota
adhd sound therapy,170,11,,142,159,229,167,-27%,+18%,shum
focus to do pomodoro timer,170,34,,10,9,28,169,+504%,+1590%,sosedi
focus todo pomodoro timer,170,59,,10,9,28,169,+504%,+1590%,sosedi
adhd focus music youtube,170,8,,37,84,106,160,+51%,+332%,sosedi
adhd focus strategies,170,11,,140,132,135,171,+27%,+22%,sosedi
focus music adhd,170,6,,62,97,146,148,+1%,+139%,sosedi
focus strategies for adhd,170,21,,140,132,135,171,+27%,+22%,sosedi
best music for adhd focus,170,9,,125,114,170,158,-7%,+26%,sosedi
adhd techniques to focus,170,21,,140,132,135,171,+27%,+22%,sosedi
minimize distractions,170,26,,103,129,210,175,-17%,+70%,terapiya
sound therapy for adhd,170,11,,142,159,229,167,-27%,+18%,terapiya
brown noise vs green noise,140,32,informational,405,452,228,134,-41%,-67%,подсказка: brown noise
white noise brown noise,140,14,informational,228,204,168,138,-18%,-39%,подсказка: brown noise
white brown noise,140,15,informational,228,204,168,138,-18%,-39%,подсказка: brown noise
brown noise for reading,140,0,informational,15,18,34,158,+365%,+953%,подсказка: brown noise
brown noise white noise,140,7,informational,228,204,168,138,-18%,-39%,подсказка: brown noise
sleep sound brown noise,140,4,informational,127,153,173,128,-26%,+1%,подсказка: brown noise
brown noise download,140,0,transactional,254,197,155,138,-11%,-46%,подсказка: brown noise
sleep sounds brown noise,140,1,informational,127,153,173,128,-26%,+1%,подсказка: brown noise
brown noise rain,140,9,informational,226,174,139,128,-8%,-43%,подсказка: brown noise
brown noise with rain,140,5,informational,86,171,152,135,-11%,+57%,подсказка: brown noise
alexa brown noise,140,0,informational,177,180,145,128,-12%,-28%,подсказка: brown noise
brown vs pink noise,140,6,informational,124,142,115,128,+11%,+3%,подсказка: brown noise
brown noise study,140,0,informational,106,84,128,158,+23%,+49%,подсказка: brown noise
download brown noise,140,0,transactional,254,197,155,138,-11%,-46%,подсказка: brown noise
white noise versus brown noise,140,8,informational,203,151,126,128,+2%,-37%,подсказка: brown noise
brown noise for sleep by sounds for life,140,1,informational,0,0,0,143,,,подсказка: brown noise
brown noise studying,140,0,informational,106,84,128,158,+23%,+49%,подсказка: brown noise
brown noise for concentration,140,7,informational,103,68,72,142,+97%,+38%,подсказка: brown noise
brown noise 30 minutes,140,0,informational,123,112,348,140,-60%,+14%,подсказка: brown noise
ultimate white noise generator,140,33,transactional,83,108,142,132,-7%,+59%,подсказка: noise generator
ultrasonic noise generator,140,1,transactional,212,387,288,148,-49%,-30%,подсказка: noise generator
generator noise reducer,140,0,transactional,272,281,270,155,-43%,-43%,подсказка: noise generator
reduce noise generator,140,0,transactional,272,281,270,155,-43%,-43%,подсказка: noise generator
electric generator noise reduction,140,0,informational,272,281,270,155,-43%,-43%,подсказка: noise generator
reduce generator noise,140,0,informational,272,281,270,155,-43%,-43%,подсказка: noise generator
noise texture generator,140,9,transactional,80,113,120,127,+6%,+59%,подсказка: noise generator
generator noise reduction,140,0,transactional,272,281,270,155,-43%,-43%,подсказка: noise generator
high pitched noise generator,140,23,transactional,53,83,122,149,+22%,+181%,подсказка: noise generator
high pitch noise generator,140,28,transactional,53,83,122,149,+22%,+181%,подсказка: noise generator
noise reduction for generator,140,0,informational,272,281,270,155,-43%,-43%,подсказка: noise generator
focus dashboard,140,0,,86,57,359,128,-64%,+49%,instrument
concentration app,140,28,,103,97,83,132,+59%,+28%,instrument
add home remedy,140,7,,351,281,242,124,-49%,-65%,konkurenty
adhd remedies at home,140,17,,351,281,242,124,-49%,-65%,konkurenty
all natural treatment for adhd,140,1,,159,169,180,129,-28%,-19%,konkurenty
app blocker on iphone,140,40,,177,183,187,130,-30%,-27%,konkurenty
app that blocks apps on iphone,140,18,,177,183,187,130,-30%,-27%,konkurenty
at night i can't sleep i toss and turn,140,6,,179,162,128,138,+8%,-23%,konkurenty
attention deficit disorder home remedies,140,28,,351,281,242,124,-49%,-65%,konkurenty
drift while you're sleeping,140,0,,185,131,96,133,+39%,-28%,konkurenty
ende app,140,26,,0,0,14,138,+886%,,konkurenty
holistic adhd,140,0,,162,142,125,142,+14%,-12%,konkurenty
home remedies for add,140,6,,351,281,242,124,-49%,-65%,konkurenty
home remedies for add and adhd,140,9,,351,281,242,124,-49%,-65%,konkurenty
how to block apps at certain times iphone,140,0,,118,179,105,131,+25%,+11%,konkurenty
how to block specific apps on iphone,140,0,,156,140,133,128,-4%,-18%,konkurenty
how to limit apps on iphone,140,8,,167,185,155,127,-18%,-24%,konkurenty
moving a lot in sleep,140,1,,202,174,158,125,-21%,-38%,konkurenty
needle app,140,8,,49,73,202,159,-21%,+224%,konkurenty
restrict apps on iphone,140,3,,220,207,189,128,-32%,-42%,konkurenty
restricting apps on iphone,140,19,,220,207,189,128,-32%,-42%,konkurenty
sleep cycle apps free,140,51,,144,128,132,131,-1%,-9%,konkurenty
stir in sleep,140,0,,117,287,206,122,-41%,+4%,konkurenty
why sounds,140,7,,142,151,169,129,-24%,-9%,konkurenty
how to block out noise,140,0,,218,208,172,142,-17%,-35%,maskirovka
hz for focus,140,36,,121,166,210,149,-29%,+23%,nejro
brain fm alternative,140,0,,77,106,142,148,+4%,+92%,nejro
work productivity app,140,20,,177,141,229,131,-43%,-26%,prod
noise for studying,140,0,,107,138,163,146,-10%,+36%,rabota
office ambience,140,0,,105,118,133,141,+6%,+34%,rabota
restaurant ambience,140,0,,161,148,135,132,-2%,-18%,rabota
study noise,140,0,,107,138,163,146,-10%,+36%,shum
timer for focus,140,47,,20,22,52,152,+192%,+660%,sosedi
focus vitamin for adhd,140,0,,162,168,87,150,+72%,-7%,sosedi
adhd focus vitamins,140,0,,162,168,87,150,+72%,-7%,sosedi
vitamins for adhd focus,140,2,,162,168,87,150,+72%,-7%,sosedi
focus partners adhd,140,0,,69,32,38,142,+274%,+106%,sosedi
does music help people with adhd focus,140,1,,22,52,89,146,+64%,+564%,sosedi
focus vitamins for adhd,140,3,,162,168,87,150,+72%,-7%,sosedi
how to avoid distractions,140,24,,190,198,168,138,-18%,-27%,terapiya
adhd brown noise,110,9,informational,268,150,168,115,-32%,-57%,подсказка: brown noise
brown noise poop,110,11,informational,186,153,128,104,-19%,-44%,подсказка: brown noise
best brown noise for sleep,110,5,informational,35,51,41,106,+159%,+203%,подсказка: brown noise
spotify brown noise 12 hours,110,0,informational,0,0,11,102,+827%,,подсказка: brown noise
brown noise music,110,1,informational,184,131,101,103,+2%,-44%,подсказка: brown noise
12 hour brown noise mp3,110,0,informational,4,22,19,119,+526%,+2875%,подсказка: brown noise
brown noise apps free,110,2,informational,338,167,116,102,-12%,-70%,подсказка: brown noise
is brown noise good for studying,110,7,informational,105,82,121,101,-17%,-4%,подсказка: brown noise
does brown noise help you study,110,0,informational,111,72,112,112,+0%,+1%,подсказка: brown noise
brown noise with black screen,110,2,informational,94,200,148,121,-18%,+29%,подсказка: brown noise
brown noise video,110,15,informational,277,249,128,116,-9%,-58%,подсказка: brown noise
brown noise loud,110,9,informational,102,130,170,118,-31%,+16%,подсказка: brown noise
no ads brown noise,110,5,informational,16,28,92,103,+12%,+544%,подсказка: brown noise
brown noise videos,110,11,informational,277,249,128,116,-9%,-58%,подсказка: brown noise
deep brown noise youtube,110,8,navigational,22,97,63,101,+60%,+359%,подсказка: brown noise
white vs brown vs pink noise,110,12,informational,104,89,90,106,+18%,+2%,подсказка: brown noise
brown noise for adhd focus,110,11,informational,41,22,15,118,+687%,+188%,подсказка: brown noise
brown noise machine for dogs,110,0,transactional,0,18,57,103,+81%,,подсказка: brown noise
pink and brown noise for sleep,110,12,informational,0,56,49,111,+127%,,подсказка: brown noise
youtube brown noise for studying,110,16,informational,0,0,14,108,+671%,,подсказка: brown noise
brown noise app free,110,2,transactional,338,167,116,102,-12%,-70%,подсказка: brown noise
deep brown noise no ads,110,8,informational,17,62,228,105,-54%,+518%,подсказка: brown noise
is brown noise better than white noise,110,27,informational,115,98,88,102,+16%,-11%,подсказка: brown noise
brown noise deep,110,15,informational,78,110,98,107,+9%,+37%,подсказка: brown noise
best brown noise machine for adults,110,3,commercial,11,100,78,104,+33%,+845%,подсказка: brown noise
mynoise brown noise app,110,20,transactional,0,0,27,103,+281%,,подсказка: brown noise
brown noise definition,110,31,informational,254,156,130,107,-18%,-58%,подсказка: brown noise
brown noise to sleep,110,12,informational,306,258,190,120,-37%,-61%,подсказка: brown noise
brown noise dangers,110,5,informational,0,0,115,104,-10%,,подсказка: brown noise
loud brown noise for sleep,110,7,informational,0,0,13,115,+785%,,подсказка: brown noise
brown noise loop,110,0,informational,200,116,104,115,+11%,-43%,подсказка: brown noise
what does brown noise do to your brain,110,21,informational,72,105,104,104,+0%,+44%,подсказка: brown noise
brown noise 8 hours,110,7,informational,142,123,146,112,-23%,-21%,подсказка: brown noise
brown noise website,110,37,navigational,53,67,91,102,+12%,+92%,подсказка: brown noise
brown noise frequency hz,110,12,informational,0,0,146,119,-18%,,подсказка: brown noise
play brown noise for sleep,110,15,informational,72,151,106,121,+14%,+68%,подсказка: brown noise
background noise generator online,110,69,informational,11,12,11,122,+1009%,+1009%,подсказка: noise generator
how to reduce noise from generator,110,0,informational,167,183,160,111,-31%,-34%,подсказка: noise generator
no noise generator,110,0,transactional,97,141,135,116,-14%,+20%,подсказка: noise generator
ambient noise generator online,110,55,informational,11,12,11,122,+1009%,+1009%,подсказка: noise generator
how to reduce noise of generator,110,0,informational,167,183,160,111,-31%,-34%,подсказка: noise generator
noise image generator,110,0,informational,78,85,111,103,-7%,+32%,подсказка: noise generator
how to reduce the noise of a generator,110,0,informational,167,183,160,111,-31%,-34%,подсказка: noise generator
how to reduce noise from a generator,110,0,informational,167,183,160,111,-31%,-34%,подсказка: noise generator
white noise generator review,110,15,informational,151,146,269,111,-59%,-26%,подсказка: noise generator
mynoise white noise generator,110,53,navigational,0,0,37,119,+222%,,подсказка: noise generator
generator without noise,110,0,transactional,97,141,135,116,-14%,+20%,подсказка: noise generator
how to reduce generator noise,110,0,informational,167,183,160,111,-31%,-34%,подсказка: noise generator
image noise generator,110,0,informational,78,85,111,103,-7%,+32%,подсказка: noise generator
adhd reminder app,110,27,,104,112,123,103,-16%,-1%,instrument
study assistant,110,35,,40,35,42,114,+171%,+185%,instrument
best noise for adhd sleep,110,7,,77,102,193,102,-47%,+32%,keys
how to stop sleep kicking,110,2,,291,278,228,117,-49%,-60%,konkurenty
are you conscious while sleeping,110,2,,38,38,36,102,+183%,+168%,konkurenty
can you temporarily block someone on iphone,110,25,,62,119,131,103,-21%,+66%,konkurenty
disable apps iphone,110,0,,160,155,130,102,-22%,-36%,konkurenty
endel lifetime subscription,110,8,,66,34,112,105,-6%,+59%,konkurenty
endel reddit,110,4,,59,90,164,118,-28%,+100%,konkurenty
focus soundscape,110,14,,9,24,97,109,+12%,+1111%,konkurenty
healing frequencies device,110,0,,38,55,89,121,+36%,+218%,konkurenty
how do i stop moving in my sleep,110,9,,113,128,122,118,-3%,+4%,konkurenty
how to block downloading certain apps on iphone,110,0,,35,88,131,107,-18%,+206%,konkurenty
how to stop kicking in sleep,110,0,,291,278,228,117,-49%,-60%,konkurenty
how to stop moving in my sleep,110,5,,113,128,122,118,-3%,+4%,konkurenty
how to stop spinning,110,0,,145,148,116,115,-1%,-21%,konkurenty
iphone disable apps,110,0,,160,155,130,102,-22%,-36%,konkurenty
is endel worth it,110,5,,35,38,98,110,+12%,+214%,konkurenty
relax heart rate,110,10,,166,152,155,128,-17%,-23%,konkurenty
tossing and turning while sleeping,110,0,,94,75,77,103,+34%,+10%,konkurenty
why do i toss and turn so much at night,110,0,,48,223,43,111,+158%,+131%,konkurenty
noise for focus,110,0,,128,192,140,108,-23%,-16%,rabota
deep work music,110,11,,52,50,67,98,+46%,+88%,rabota
sounds for adhd,110,5,,84,56,148,98,-34%,+17%,shum
focus keeper pomodoro timer app,110,24,,0,0,82,118,+44%,,sosedi
adhd can't focus,110,13,,173,193,156,108,-31%,-38%,sosedi
binaural beats for adhd focus,110,2,,7,14,48,113,+135%,+1514%,sosedi
does caffeine help you focus adhd,110,0,,28,107,148,112,-24%,+300%,sosedi
adhd sounds for focus,110,20,,2,21,37,102,+176%,+5000%,sosedi
focus mode chrome extension,110,10,,10,11,18,122,+578%,+1120%,sostoyaniya
distraction free,110,0,,70,87,99,113,+14%,+61%,terapiya
remove distractions,110,5,,87,87,104,105,+1%,+21%,terapiya
brown noise rain and thunder,90,2,informational,17,73,98,85,-13%,+400%,подсказка: brown noise
brown noise scientific benefits,90,39,informational,0,0,150,82,-45%,,подсказка: brown noise
layered brown noise,90,2,informational,59,70,76,88,+16%,+49%,подсказка: brown noise
mynoise brown noise,90,46,transactional,18,38,70,98,+40%,+444%,подсказка: brown noise
ambient brown noise,90,26,informational,22,17,24,94,+292%,+327%,подсказка: brown noise
is white noise or brown noise better for sleep,90,23,informational,44,112,122,87,-29%,+98%,подсказка: brown noise
smoothed brown noise youtube,90,14,informational,28,11,11,84,+664%,+200%,подсказка: brown noise
brown noise to sleep by,90,12,informational,100,264,161,89,-45%,-11%,подсказка: brown noise
do dogs like brown noise,90,0,informational,86,97,102,96,-6%,+12%,подсказка: brown noise
brown noise for sleep no ads free,90,2,informational,0,0,41,84,+105%,,подсказка: brown noise
brown noise on youtube,90,14,informational,178,140,104,78,-25%,-56%,подсказка: brown noise
brown noise deep sleep,90,8,informational,27,48,51,86,+69%,+219%,подсказка: brown noise
1 hour brown noise,90,0,informational,63,89,116,84,-28%,+33%,подсказка: brown noise
black screen brown noise,90,2,informational,92,81,132,100,-24%,+9%,подсказка: brown noise
deep sleep brown noise,90,8,informational,45,68,33,88,+167%,+96%,подсказка: brown noise
12 hour brown noise no ads,90,0,informational,2,31,72,80,+11%,+3900%,подсказка: brown noise
12-hour brown noise no ads,90,0,informational,2,31,72,80,+11%,+3900%,подсказка: brown noise
brown noise mp3,90,0,informational,115,84,78,80,+3%,-30%,подсказка: brown noise
best brown noise machine for sleeping,90,7,commercial,54,64,70,77,+10%,+43%,подсказка: brown noise
calm brown noise,90,26,informational,603,138,178,88,-51%,-85%,подсказка: brown noise
why is it called brown noise,90,28,informational,95,80,72,80,+11%,-16%,подсказка: brown noise
brown noise 2 hours,90,0,informational,57,40,49,77,+57%,+35%,подсказка: brown noise
10 hours brown noise,90,2,informational,105,162,100,83,-17%,-21%,подсказка: brown noise
brown noise 10 hours no ads,90,0,informational,8,12,32,78,+144%,+875%,подсказка: brown noise
is white noise or brown noise better for sleeping,90,0,informational,44,112,122,87,-29%,+98%,подсказка: brown noise
what is brown noise for,90,9,informational,98,103,99,94,-5%,-4%,подсказка: brown noise
brown noise focus,90,9,informational,92,293,104,80,-23%,-13%,подсказка: brown noise
10 hour brown noise,90,0,informational,105,162,100,83,-17%,-21%,подсказка: brown noise
brown noise online,90,26,informational,62,80,108,82,-24%,+32%,подсказка: brown noise
what does brown noise help with,90,18,informational,80,77,85,78,-8%,-3%,подсказка: brown noise
brown noise no commercials,90,6,informational,11,38,82,88,+7%,+700%,подсказка: brown noise
calming brown noise,90,7,informational,603,138,178,88,-51%,-85%,подсказка: brown noise
why does brown noise help me sleep,90,16,informational,40,29,64,83,+30%,+108%,подсказка: brown noise
best brown noise machine for sleep,90,7,informational,54,64,70,77,+10%,+43%,подсказка: brown noise
white noise generator website,90,63,informational,52,48,62,96,+55%,+85%,подсказка: noise generator
free white noise generator,90,34,informational,131,116,108,99,-8%,-24%,подсказка: noise generator
white noise generator free,90,34,transactional,131,116,108,99,-8%,-24%,подсказка: noise generator
adhd tracker,90,3,,83,83,97,85,-12%,+2%,instrument
focus extension,90,13,,92,103,125,86,-31%,-7%,instrument
adhd timer for adults,90,0,,0,2,42,82,+95%,,keys
adhd focus sounds,90,20,,32,44,87,81,-7%,+153%,keys
how to stop sleeping in,90,28,,140,149,118,99,-16%,-29%,konkurenty
app to block apps at certain times,90,61,,74,73,73,81,+11%,+9%,konkurenty
block app at certain times,90,4,,74,73,73,81,+11%,+9%,konkurenty
block app for certain time,90,14,,74,73,73,81,+11%,+9%,konkurenty
block apps at certain times,90,19,,74,73,73,81,+11%,+9%,konkurenty
block apps certain times,90,7,,74,73,73,81,+11%,+9%,konkurenty
block apps for certain time,90,8,,74,73,73,81,+11%,+9%,konkurenty
brain fm vs endel,90,0,,42,43,71,85,+20%,+102%,konkurenty
brain.fm vs endel,90,0,,42,43,71,85,+20%,+102%,konkurenty
can you block an app from being downloaded iphone,90,5,,46,158,154,87,-44%,+89%,konkurenty
endel premium subscription,90,19,,0,0,41,91,+122%,,konkurenty
endel vs brain fm,90,0,,42,56,90,87,-3%,+107%,konkurenty
endel vs brain.fm,90,0,,42,56,90,87,-3%,+107%,konkurenty
enjel,90,0,,84,80,99,97,-2%,+15%,konkurenty
enle,90,12,,108,114,98,99,+1%,-8%,konkurenty
entangled app,90,4,,18,22,92,94,+2%,+422%,konkurenty
entanglement app,90,7,,18,22,92,94,+2%,+422%,konkurenty
erdel,90,0,,71,48,97,92,-5%,+30%,konkurenty
how to block app store on iphone,90,0,,118,140,115,87,-24%,-26%,konkurenty
how to block apps on the app store,90,4,,38,58,111,82,-26%,+116%,konkurenty
how to condense apps on iphone,90,5,,108,99,102,94,-8%,-13%,konkurenty
how to pause apps on iphone,90,39,,52,56,78,87,+12%,+67%,konkurenty
how to restrict certain apps on iphone,90,0,,555,335,128,83,-35%,-85%,konkurenty
how to stay still while sleeping,90,12,,166,103,110,79,-28%,-52%,konkurenty
how to stop kicking in your sleep,90,11,,47,62,78,87,+12%,+85%,konkurenty
how to stop sleeping on side,90,17,,83,104,88,87,-1%,+5%,konkurenty
how to stop the room from spinning,90,19,,173,112,104,83,-20%,-52%,konkurenty
how to stop the room spinning,90,9,,173,112,104,83,-20%,-52%,konkurenty
restlessness during sleep,90,18,,87,93,102,82,-20%,-6%,konkurenty
sleeping as a coping mechanism,90,0,,182,143,109,85,-22%,-53%,konkurenty
turn off notifications for certain apps at certain times iphone,90,21,,250,191,164,83,-49%,-67%,konkurenty
what causes tossing and turning at night,90,0,,13,26,58,96,+66%,+638%,konkurenty
why am i tossing and turning at night,90,0,,183,202,159,101,-36%,-45%,konkurenty
endel sound usa,90,28,,0,0,0,85,,,konkurenty
understimulation adhd,90,0,,132,97,91,93,+2%,-30%,maskirovka
adhd brain waves,90,0,,148,133,119,86,-28%,-42%,nejro
best productivity app for adhd,90,0,,95,121,120,83,-31%,-13%,prod
work sounds,90,1,,83,99,93,102,+10%,+23%,rabota
sounds for working,90,13,,83,99,93,102,+10%,+23%,rabota
focus keeper pomodoro timer,90,57,,0,0,48,90,+88%,,sosedi
brain focus productivity timer,90,35,,18,22,65,93,+43%,+417%,sosedi
timer to focus,90,47,,92,82,99,104,+5%,+13%,sosedi
online focus timer,90,46,,88,68,74,80,+8%,-9%,sosedi
focus timer online,90,47,,88,68,74,80,+8%,-9%,sosedi
timer focus,90,37,,49,60,70,88,+26%,+80%,sosedi
how to focus when you have adhd,90,21,,188,145,110,88,-20%,-53%,sosedi
what is hyper focus adhd,90,39,,39,37,51,82,+61%,+110%,sosedi
focus adhd indianapolis,90,0,,0,58,78,80,+3%,,sosedi
how to focus on reading with adhd,90,0,,108,87,97,83,-14%,-23%,sosedi
how to focus in class with adhd,90,10,,96,84,74,83,+12%,-14%,sosedi
adhd focus sound,90,20,,32,44,87,81,-7%,+153%,sosedi
adhd focus plan,90,0,,51,70,85,93,+9%,+82%,sosedi
adhd clock timer,90,0,,26,26,23,82,+257%,+215%,sosedi
time timer adhd,90,0,,21,18,31,99,+219%,+371%,sosedi
adhd timer clock,90,0,,26,26,23,82,+257%,+215%,sosedi
extra loud brown noise,70,10,informational,140,105,114,70,-39%,-50%,подсказка: brown noise
soft brown noise for sleep,70,13,informational,0,22,85,76,-11%,,подсказка: brown noise
brown noise for sleep machine,70,0,informational,0,15,36,65,+81%,,подсказка: brown noise
brown noise pomodoro,70,3,informational,10,11,48,67,+40%,+570%,подсказка: brown noise
is brown noise or white noise better for sleep,70,21,informational,0,1,32,60,+88%,,подсказка: brown noise
continuous brown noise,70,3,informational,48,77,41,76,+85%,+58%,подсказка: brown noise
brown noise radio,70,5,transactional,10,12,38,78,+105%,+680%,подсказка: brown noise
brown noise on iphone,70,18,informational,57,73,85,75,-12%,+32%,подсказка: brown noise
432 hz brown noise,70,0,informational,32,19,68,60,-12%,+88%,подсказка: brown noise
brown noise reddit,70,0,informational,109,180,115,75,-35%,-31%,подсказка: brown noise
brown noise thunder,70,2,informational,75,115,75,72,-4%,-4%,подсказка: brown noise
brown noise ad free,70,3,informational,11,13,35,80,+129%,+627%,подсказка: brown noise
what are the benefits of brown noise,70,15,informational,32,23,71,66,-7%,+106%,подсказка: brown noise
brown noise without ads,70,3,informational,11,29,33,59,+79%,+436%,подсказка: brown noise
brown noise 12 hours no ads youtube,70,5,navigational,0,0,13,74,+469%,,подсказка: brown noise
brown noise app for iphone,70,7,transactional,24,11,35,65,+86%,+171%,подсказка: brown noise
brown noise 3 hours,70,4,informational,121,123,113,66,-42%,-45%,подсказка: brown noise
brown noise headphones,70,5,transactional,45,808,114,74,-35%,+64%,подсказка: brown noise
ad free brown noise,70,3,transactional,16,48,73,68,-7%,+325%,подсказка: brown noise
smooth brown noise black screen,70,8,navigational,16,59,86,74,-14%,+362%,подсказка: brown noise
pink vs white vs brown noise,70,11,informational,38,39,46,67,+46%,+76%,подсказка: brown noise
pink vs brown vs white noise,70,11,informational,60,49,48,71,+48%,+18%,подсказка: brown noise
8 hours brown noise,70,4,informational,81,85,76,66,-13%,-19%,подсказка: brown noise
brown noise remastered,70,10,informational,105,81,70,63,-10%,-40%,подсказка: brown noise
best brown noise app,70,11,informational,222,123,88,70,-20%,-68%,подсказка: brown noise
super deep smoothed brown noise,70,24,informational,124,118,56,68,+21%,-45%,подсказка: brown noise
fan brown noise,70,4,informational,20,90,111,67,-40%,+235%,подсказка: brown noise
brown noise iphone,70,3,informational,67,80,77,62,-19%,-7%,подсказка: brown noise
smoothed brown noise 12 hours,70,5,informational,58,62,90,63,-30%,+9%,подсказка: brown noise
brown noise and rain,70,5,informational,28,52,82,64,-22%,+129%,подсказка: brown noise
do cats like brown noise,70,0,informational,33,65,65,65,+0%,+97%,подсказка: brown noise
deep brown noise for studying,70,13,informational,4,1,3,72,+2300%,+1700%,подсказка: brown noise
white noise or brown noise for sleep,70,7,informational,28,68,80,63,-21%,+125%,подсказка: brown noise
brown noise player,70,19,transactional,46,58,42,59,+40%,+28%,подсказка: brown noise
brown noise thunderstorm,70,3,informational,75,115,75,72,-4%,-4%,подсказка: brown noise
brown noise one hour,70,0,informational,77,73,70,62,-11%,-19%,подсказка: brown noise
listen to brown noise,70,26,informational,817,391,145,67,-54%,-92%,подсказка: brown noise
white noise generator online free,70,30,informational,69,70,131,73,-44%,+6%,подсказка: noise generator
free online white noise generator,70,30,informational,69,70,131,73,-44%,+6%,подсказка: noise generator
rainfall noise generator,70,41,informational,136,112,80,72,-10%,-47%,подсказка: noise generator
rain white noise generator,70,22,informational,40,33,38,63,+66%,+57%,подсказка: noise generator
pink noise generator plugin,70,11,transactional,11,10,13,71,+446%,+545%,подсказка: noise generator
noise generator for sleep,70,55,transactional,56,112,65,62,-5%,+11%,подсказка: noise generator
online white noise generator free,70,30,informational,69,70,131,73,-44%,+6%,подсказка: noise generator
white noise generator free online,70,30,informational,69,70,131,73,-44%,+6%,подсказка: noise generator
rain noise generator,70,45,transactional,136,112,80,72,-10%,-47%,подсказка: noise generator
white noise generator rain,70,18,informational,40,33,38,63,+66%,+57%,подсказка: noise generator
white noise generator youtube,70,34,informational,132,97,123,63,-49%,-52%,подсказка: noise generator
portable noise generator,70,4,transactional,9,10,10,76,+660%,+744%,подсказка: noise generator
commercial white noise generator,70,2,transactional,114,101,104,68,-35%,-40%,подсказка: noise generator
white noise generator for studying,70,59,transactional,0,0,17,66,+288%,,подсказка: noise generator
generator noise,70,0,informational,87,92,83,78,-6%,-10%,подсказка: noise generator
the ultimate white noise generator,70,36,informational,40,43,52,70,+35%,+75%,подсказка: noise generator
white noise rain generator,70,22,transactional,40,33,38,63,+66%,+57%,подсказка: noise generator
noise generator rain,70,41,informational,136,112,80,72,-10%,-47%,подсказка: noise generator
white rain noise generator,70,22,informational,40,33,38,63,+66%,+57%,подсказка: noise generator
free white noise generator online,70,30,informational,69,70,131,73,-44%,+6%,подсказка: noise generator
sleep noise generator,70,55,transactional,56,112,65,62,-5%,+11%,подсказка: noise generator
noise generator sleep,70,55,transactional,56,112,65,62,-5%,+11%,подсказка: noise generator
noise generator online free,70,55,informational,0,1,42,71,+69%,,подсказка: noise generator
noise masking,70,27,,94,69,110,78,-29%,-17%,ambient
ambient background noise,70,0,,54,53,52,64,+23%,+19%,ambient
adhd alarm,70,0,,38,43,42,72,+71%,+89%,instrument
adhd focus app,70,0,,36,42,58,71,+22%,+97%,instrument
focus enhancer,70,0,,75,84,85,72,-15%,-4%,instrument
study focus app,70,46,,34,38,56,58,+4%,+71%,instrument
adhd timer app,70,0,,92,85,82,78,-5%,-15%,keys
adhd background noise,70,0,,129,102,87,73,-16%,-43%,keys
noise timer,70,7,,46,48,55,64,+16%,+39%,keys
gentle timer,70,0,,69,82,65,77,+18%,+12%,keys
deep work timer,70,0,,49,61,86,72,-16%,+47%,keys
endel pricing,70,20,,80,93,127,79,-38%,-1%,konkurenty
adhd hat,70,0,,72,177,97,72,-26%,+0%,konkurenty
andel logo,70,9,,7,9,34,64,+88%,+814%,konkurenty
angel sound app,70,0,,31,38,35,59,+69%,+90%,konkurenty
angel sounds app,70,0,,31,38,35,59,+69%,+90%,konkurenty
block app from being downloaded iphone,70,0,,35,50,56,78,+39%,+123%,konkurenty
block specific apps iphone,70,0,,161,130,93,67,-28%,-58%,konkurenty
do people move in their sleep,70,5,,36,53,72,75,+4%,+108%,konkurenty
do you move in your sleep,70,11,,42,52,48,62,+29%,+48%,konkurenty
does endel work,70,16,,32,33,82,64,-22%,+100%,konkurenty
edel music,70,11,,31,43,43,68,+58%,+119%,konkurenty
endel adhd,70,24,,4,32,59,60,+2%,+1400%,konkurenty
endel app cost,70,20,,23,27,108,69,-36%,+200%,konkurenty
endel login,70,26,,12,19,32,63,+97%,+425%,konkurenty
endel music,70,32,,58,71,67,77,+15%,+33%,konkurenty
endel price,70,13,,80,93,127,79,-38%,-1%,konkurenty
endel sound app,70,26,,11,10,28,72,+157%,+555%,konkurenty
endel sound reddit,70,12,,0,1,55,73,+33%,,konkurenty
endel student discount,70,9,,22,31,77,64,-17%,+191%,konkurenty
focus music app,70,51,,29,32,51,65,+27%,+124%,konkurenty
how do i block apps on my iphone,70,0,,21,38,42,58,+38%,+176%,konkurenty
brain waves for focus,70,27,,80,110,106,68,-36%,-15%,nejro
concentration frequency,70,36,,73,83,102,68,-33%,-7%,nejro
noise for concentration,70,0,,103,112,88,62,-30%,-40%,nejro
sounds that help you focus,70,1,,70,65,92,68,-26%,-3%,nejro
adhd productivity hacks,70,4,,52,48,42,73,+74%,+40%,prod
does white noise help you study,70,0,,73,91,69,77,+12%,+5%,shum
flip focus timer for study,70,11,,16,40,27,68,+152%,+325%,sosedi
adhd focus exercises,70,0,,145,131,101,75,-26%,-48%,sosedi
adhd focus friend,70,1,,0,0,82,58,-29%,,sosedi
how to focus without adhd medication,70,0,,54,72,77,65,-16%,+20%,sosedi
how to help someone with adhd focus,70,15,,94,93,78,63,-19%,-33%,sosedi
what helps people with adhd focus,70,15,,17,42,58,64,+10%,+276%,sosedi
why does music help me focus adhd,70,6,,69,58,53,59,+11%,-14%,sosedi
how to improve focus with adhd,70,4,,99,119,98,77,-21%,-22%,sosedi
adhd focus apps,70,0,,36,42,58,71,+22%,+97%,sosedi
the adhd focus friend,70,5,,0,1,98,78,-20%,,sosedi
ways to focus with adhd,70,21,,90,83,87,57,-34%,-37%,sosedi
how to focus without adhd meds,70,0,,54,72,77,65,-16%,+20%,sosedi
natural focus supplements for adhd,70,2,,95,100,116,75,-35%,-21%,sosedi
how to focus on homework with adhd,70,0,,129,93,54,63,+17%,-51%,sosedi
youtube focus music adhd,70,11,,32,48,86,72,-16%,+125%,sosedi
how to help adhd focus,70,7,,111,111,94,67,-29%,-40%,sosedi
how to improve focus adhd,70,13,,99,119,98,77,-21%,-22%,sosedi
how to focus while reading adhd,70,0,,82,108,94,72,-23%,-12%,sosedi
best focus supplements for adhd,70,0,,172,184,109,65,-40%,-62%,sosedi
focus exercises for adhd,70,0,,145,131,101,75,-26%,-48%,sosedi
adhd relief music studying music for better concentration and focus,70,20,,0,0,18,67,+272%,,sosedi
how to help focus with adhd,70,7,,111,111,94,67,-29%,-40%,sosedi
adhd visual timer online,70,0,,21,24,26,61,+135%,+190%,sosedi
pomodoro timer adhd,70,7,,29,31,52,58,+12%,+100%,sosedi
best noise for adhd,70,0,,178,98,91,62,-32%,-65%,sosedi
visual timer online free for students,70,31,,0,0,22,58,+164%,,sosedi
distraction blocker,70,28,,88,85,93,80,-14%,-9%,sostoyaniya
distraction management,70,8,,55,64,64,73,+14%,+33%,terapiya
noise map generator,50,8,informational,46,50,60,58,-3%,+26%,подсказка: noise generator
generator cover to reduce noise,50,0,transactional,20,32,42,46,+10%,+130%,подсказка: noise generator
fart noise generator,50,8,transactional,274,1680,319,58,-82%,-79%,подсказка: noise generator
color noise generator,50,29,informational,102,93,53,55,+4%,-46%,подсказка: noise generator
colored noise generator,50,31,transactional,102,93,53,55,+4%,-46%,подсказка: noise generator
blue noise generator,50,27,transactional,38,29,92,48,-48%,+26%,подсказка: noise generator
online pink noise generator,50,5,informational,38,35,31,44,+42%,+16%,подсказка: noise generator
generac generator noise levels,50,0,commercial,63,92,78,51,-35%,-19%,подсказка: noise generator
noise generator diode,50,1,transactional,70,75,60,56,-7%,-20%,подсказка: noise generator
generator noise reduction cover,50,0,transactional,20,32,42,46,+10%,+130%,подсказка: noise generator
pink noise generator online,50,31,informational,38,35,31,44,+42%,+16%,подсказка: noise generator
white noise generator circuit,50,0,transactional,69,62,48,46,-4%,-33%,подсказка: noise generator
generac generator noise level,50,0,transactional,63,92,78,51,-35%,-19%,подсказка: noise generator
noise color generator,50,29,informational,102,93,53,55,+4%,-46%,подсказка: noise generator
generator noise level chart,50,0,informational,100,147,110,49,-55%,-51%,подсказка: noise generator
noise generator app,50,48,transactional,52,48,62,51,-18%,-2%,подсказка: noise generator
noise reducing generator cover,50,0,transactional,20,32,42,46,+10%,+130%,подсказка: noise generator
adhd buddy,50,21,,31,37,53,52,-2%,+68%,instrument
noise player,50,23,,17,19,28,52,+86%,+206%,instrument
pomodoro tool,50,,,27,41,48,49,+2%,+81%,instrument
adhd pomodoro timer,50,4,,15,27,30,47,+57%,+213%,keys
noise for adhd,50,,,87,66,93,50,-46%,-43%,keys
sounds for adhd focus,50,0,,18,22,33,45,+36%,+150%,keys
endel free trial,50,19,,18,20,70,57,-19%,+217%,konkurenty
noisy roommates,50,0,,64,71,60,57,-5%,-11%,maskirovka
drown out noise,50,0,,65,62,59,53,-10%,-18%,maskirovka
productivity widget,50,0,,48,45,39,56,+44%,+17%,prod
background noise for work,50,12,,45,68,47,48,+2%,+7%,prod
sounds for focus,50,7,,48,53,51,49,-4%,+2%,rabota
brown noise for work,50,7,,36,30,28,50,+79%,+39%,shum
study bunny focus timer,50,10,,12,18,28,52,+86%,+333%,sosedi
does music help adhd focus,50,9,,62,44,42,57,+36%,-8%,sosedi
adhd help focus,50,8,,82,77,78,50,-36%,-39%,sosedi
best music for focus adhd,50,5,,70,68,89,49,-45%,-30%,sosedi
adhd timer method,50,3,,39,38,51,46,-10%,+18%,sosedi
best noise for studying adhd,50,6,,19,27,53,48,-9%,+153%,sosedi
what color noise is best for adhd sleep,50,0,,0,50,92,47,-49%,,sosedi
best noise for sleep adhd,50,7,,42,75,68,54,-21%,+29%,sosedi
calm down app,50,39,,59,46,48,55,+15%,-7%,sostoyaniya
calming sounds app,50,41,,82,62,106,52,-51%,-37%,sostoyaniya
online brown noise generator,40,31,informational,0,0,1,41,+4000%,,подсказка: brown noise generator
portable generator noise reduction,40,0,transactional,30,28,28,36,+29%,+20%,подсказка: noise generator
noise generator rf,40,0,transactional,59,49,53,44,-17%,-25%,подсказка: noise generator
portable generator noise reduction box,40,0,transactional,28,43,40,40,+0%,+43%,подсказка: noise generator
reduce portable generator noise,40,0,transactional,30,28,28,36,+29%,+20%,подсказка: noise generator
generator cover while running for noise reduction,40,0,transactional,0,12,38,44,+16%,,подсказка: noise generator
diy generator noise reduction box,40,0,transactional,19,21,28,38,+36%,+100%,подсказка: noise generator
noise generator image,40,6,informational,13,18,32,38,+19%,+192%,подсказка: noise generator
hertz noise generator,40,16,transactional,13,20,20,39,+95%,+200%,подсказка: noise generator
minecraft noise generator,40,0,informational,18,23,36,43,+19%,+139%,подсказка: noise generator
online background noise generator,40,76,informational,9,8,9,45,+400%,+400%,подсказка: noise generator
rf noise generator,40,0,transactional,59,49,53,44,-17%,-25%,подсказка: noise generator
hz noise generator,40,42,transactional,13,20,20,39,+95%,+200%,подсказка: noise generator
ai noise generator,40,36,transactional,20,48,55,42,-24%,+110%,подсказка: noise generator
radio frequency noise generator,40,0,transactional,59,49,53,44,-17%,-25%,подсказка: noise generator
ambient focus music,40,12,,39,25,26,38,+46%,-3%,ambient
adhd helper app,40,2,,46,47,58,40,-31%,-13%,instrument
adhd assistant,40,0,,40,50,50,46,-8%,+15%,instrument
adhd focus tool,40,12,,36,58,79,38,-52%,+6%,instrument
focus coach,40,0,,45,34,39,33,-15%,-27%,instrument
best adhd timer,40,0,,32,35,37,36,-3%,+12%,keys
adhd focus timer,40,0,,8,16,18,35,+94%,+338%,keys
alpha wave generator,40,0,,22,27,43,42,-2%,+91%,nejro
sound for focus,40,0,,30,37,42,37,-12%,+23%,nejro
nature sounds for focus,40,5,,13,17,34,42,+24%,+223%,rabota
work noise,40,0,,32,37,40,40,+0%,+25%,shum
adhd focus noise,40,5,,14,23,40,38,-5%,+171%,shum
study focus timer,40,48,,26,29,32,38,+19%,+46%,sosedi
be focused focus timer,40,64,,11,30,42,39,-7%,+255%,sosedi
hyperfocus music for studying,40,,,0,0,0,43,,,sosedi
best visual timer for adhd,40,0,,51,33,31,38,+23%,-25%,sosedi
adhd timer watch,40,0,,18,21,16,38,+138%,+111%,sosedi
best timer for adhd,40,0,,65,68,48,42,-12%,-35%,sosedi
adhd watch timer,40,3,,18,21,16,38,+138%,+111%,sosedi
background noise for adhd,40,5,,45,32,34,42,+24%,-7%,sosedi
best sleep noise for adhd,40,0,,33,42,46,38,-17%,+15%,sosedi
best noise for adhd focus,40,7,,40,53,80,42,-48%,+5%,sosedi
study aid app,40,39,,8,10,12,40,+233%,+400%,sostoyaniya
my noise generator,30,25,transactional,18,15,14,35,+150%,+94%,подсказка: noise generator
generator making popping noise when running,30,0,informational,0,0,22,26,+18%,,подсказка: noise generator
pink noise generator app,30,2,transactional,31,28,37,34,-8%,+10%,подсказка: noise generator
pink noise generator for audio testing,30,0,informational,24,22,16,28,+75%,+17%,подсказка: noise generator
annoying high pitch noise generator,30,16,transactional,110,57,33,27,-18%,-75%,подсказка: noise generator
xlr pink noise generator,30,0,transactional,37,31,362,27,-93%,-27%,подсказка: noise generator
generator noise cover,30,0,informational,41,43,42,32,-24%,-22%,подсказка: noise generator
generator cover for noise,30,0,transactional,41,43,42,32,-24%,-22%,подсказка: noise generator
generator noise level,30,0,informational,68,62,60,29,-52%,-57%,подсказка: noise generator
restaurant noise generator,30,29,transactional,0,0,16,29,+81%,,подсказка: noise generator
grey noise generator,30,16,transactional,129,61,39,25,-36%,-81%,подсказка: noise generator
outdoor white noise generator,30,19,transactional,43,48,42,32,-24%,-26%,подсказка: noise generator
gray noise generator,30,16,transactional,129,61,39,25,-36%,-81%,подсказка: noise generator
iphone white noise generator,30,17,transactional,19,22,24,26,+8%,+37%,подсказка: noise generator
noise generator vst,30,8,transactional,26,22,19,25,+32%,-4%,подсказка: noise generator
rabbler noise generator,30,0,transactional,28,32,32,28,-12%,+0%,подсказка: noise generator
fan noise generator,30,14,transactional,30,22,38,36,-5%,+20%,подсказка: noise generator
generator noise levels,30,0,informational,68,62,60,29,-52%,-57%,подсказка: noise generator
white noise generator app for android,30,34,transactional,0,0,12,29,+142%,,подсказка: noise generator
noise level generator,30,0,transactional,68,62,60,29,-52%,-57%,подсказка: noise generator
how to quiet generator noise,30,0,informational,42,52,37,29,-22%,-31%,подсказка: noise generator
pink noise generator xlr,30,0,transactional,37,31,362,27,-93%,-27%,подсказка: noise generator
noise level for generator,30,0,informational,68,62,60,29,-52%,-57%,подсказка: noise generator
white noise generator iphone,30,40,transactional,19,22,24,26,+8%,+37%,подсказка: noise generator
visual noise generator,30,12,transactional,14,18,22,29,+32%,+107%,подсказка: noise generator
noise free generator,30,0,transactional,15,28,42,26,-38%,+73%,подсказка: noise generator
noise generator pedal,30,0,transactional,19,24,28,26,-7%,+37%,подсказка: noise generator
generative audio,30,47,,49,62,37,28,-24%,-43%,ambient
adhd task manager,30,7,,21,28,27,33,+22%,+57%,instrument
adhd timer online,30,34,,62,63,48,31,-35%,-50%,keys
pink noise for adhd,30,3,,19,32,32,28,-12%,+47%,keys
noise for adhd focus,30,3,,31,16,29,29,+0%,-6%,keys
focus sounds for adhd,30,25,,39,36,50,32,-36%,-18%,keys
block out distractions,30,9,,52,50,48,32,-33%,-38%,maskirovka
productivity tips for adhd,30,2,,40,41,44,28,-36%,-30%,prod
flow state app,30,2,,17,18,318,32,-90%,+88%,prod
focus mode chrome,30,10,,34,31,33,30,-9%,-12%,prod
productivity sounds,30,0,,39,38,35,29,-17%,-26%,prod
work ambience,30,2,,28,39,36,31,-14%,+11%,rabota
10 minute focus timer,30,0,,0,0,6,30,+400%,,sosedi
bear focus timer,30,9,,62,69,52,30,-42%,-52%,sosedi
focus timer for study,30,48,,8,9,17,28,+65%,+250%,sosedi
focus study timer,30,50,,17,15,24,25,+4%,+47%,sosedi
best focus timer app,30,24,,18,23,32,31,-3%,+72%,sosedi
best focus timer apps,30,22,,18,23,32,31,-3%,+72%,sosedi
deep focus timer,30,0,,8,11,18,27,+50%,+238%,sosedi
focus timer pomodoro,30,65,,13,19,31,28,-10%,+115%,sosedi
best focus timer,30,26,,18,27,28,28,+0%,+56%,sosedi
20 minute timer with focus music,30,,,0,0,0,26,,,sosedi
zone focus timer,30,1,,0,0,28,26,-7%,,sosedi
timer for adhd adults,30,0,,33,28,12,30,+150%,-9%,sosedi
green noise for adhd,30,0,,65,32,52,28,-46%,-57%,sosedi
focus noise for adhd,30,0,,24,21,36,28,-22%,+17%,sosedi
best noise cancelling headphones for adhd,30,0,,34,40,43,29,-33%,-15%,sosedi
noise cancelling earbuds for adhd,30,0,,17,19,22,25,+14%,+47%,sosedi
white noise for adhd sleep,30,10,,11,12,17,31,+82%,+182%,sosedi
colored noise for adhd,30,,,0,0,8,25,+212%,,sosedi
adhd noise for focus,30,13,,0,10,11,24,+118%,,sosedi
what noise is best for adhd sleep,30,8,,15,35,30,22,-27%,+47%,sosedi
white noise for adhd focus,30,13,,10,13,13,24,+85%,+140%,sosedi
is brown noise good for adhd,30,5,,49,24,28,28,+0%,-43%,sosedi
brown noise for focus adhd,30,0,,12,11,15,25,+67%,+108%,sosedi
time timer website,30,54,,10,12,17,25,+47%,+150%,sosedi
noise cancelling extension,30,1,,21,20,33,32,-3%,+52%,sostoyaniya
hyperfocus app,30,0,,12,14,11,29,+164%,+142%,sostoyaniya
brown noise generator online,20,31,informational,80,38,16,24,+50%,-70%,подсказка: brown noise generator
free brown noise generator,20,16,informational,14,18,37,18,-51%,+29%,подсказка: brown noise generator
generator noise reduction kit,20,0,transactional,0,62,42,22,-48%,,подсказка: noise generator
national parks generator noise level,20,,informational,19,19,18,16,-11%,-16%,подсказка: noise generator
loud noise generator,20,55,transactional,25,22,22,21,-5%,-16%,подсказка: noise generator
industrial white noise generator,20,8,transactional,34,34,30,25,-17%,-26%,подсказка: noise generator
voronoi noise generator,20,0,informational,18,26,19,22,+16%,+22%,подсказка: noise generator
perlin noise generator online,20,50,informational,22,18,22,22,+0%,+0%,подсказка: noise generator
cafe noise generator,20,53,transactional,54,44,38,19,-50%,-65%,подсказка: noise generator
make some noise prompt generator,20,,informational,0,0,10,24,+140%,,подсказка: noise generator
pink noise tone generator,20,18,transactional,10,9,28,21,-25%,+110%,подсказка: noise generator
coffee shop noise generator,20,55,transactional,54,44,38,19,-50%,-65%,подсказка: noise generator
zombiebox z hut generator running cover & noise barrier,20,,transactional,0,20,5,18,+260%,,подсказка: noise generator
noise ai video generator,20,,informational,0,1,13,21,+62%,,подсказка: noise generator
pixel noise generator,20,,transactional,12,15,12,15,+25%,+25%,подсказка: noise generator
free noise generator,20,0,informational,12,15,13,18,+38%,+50%,подсказка: noise generator
crowd noise generator,20,0,transactional,82,57,32,22,-31%,-73%,подсказка: noise generator
predator vs honda generator noise,20,0,informational,31,36,22,21,-5%,-32%,подсказка: noise generator
noise cancellation generator,20,37,transactional,24,22,23,18,-22%,-25%,подсказка: noise generator
noise cancelling generator,20,37,transactional,24,22,23,18,-22%,-25%,подсказка: noise generator
honda generator noise levels,20,6,transactional,46,40,37,22,-41%,-52%,подсказка: noise generator
gaussian noise generator,20,7,transactional,28,23,23,21,-9%,-25%,подсказка: noise generator
generator that doesn't make noise,20,,transactional,13,16,15,15,+0%,+15%,подсказка: noise generator
atmospheric noise random number generator,20,60,informational,15,15,22,23,+5%,+53%,подсказка: noise generator
white noise generator privacy,20,14,transactional,45,29,22,18,-18%,-60%,подсказка: noise generator
whole-house generator noise reduction,20,0,commercial,35,29,15,21,+40%,-40%,подсказка: noise generator
generator noise barrier,20,0,transactional,20,32,33,22,-33%,+10%,подсказка: noise generator
harsh noise generator,20,,transactional,12,12,10,18,+80%,+50%,подсказка: noise generator
perlin noise map generator,20,8,informational,13,12,14,16,+14%,+23%,подсказка: noise generator
fan noise generator app for iphone,20,2,transactional,0,0,22,22,+0%,,подсказка: noise generator
noise generator circuit,20,0,transactional,41,45,32,24,-25%,-41%,подсказка: noise generator
whole house generator noise reduction,20,0,commercial,35,29,15,21,+40%,-40%,подсказка: noise generator
electronic white noise generator,20,,transactional,2,11,12,25,+108%,+1150%,подсказка: noise generator
generator making loud rattling noise,20,0,informational,47,33,18,16,-11%,-66%,подсказка: noise generator
noise generator free,20,0,transactional,12,15,13,18,+38%,+50%,подсказка: noise generator
white noise generator for privacy,20,14,transactional,45,29,22,18,-18%,-60%,подсказка: noise generator
noise level of honda generator,20,6,informational,46,40,37,22,-41%,-52%,подсказка: noise generator
in-ear white noise generator,20,9,transactional,30,37,25,18,-28%,-40%,подсказка: noise generator
zener noise generator,20,0,transactional,24,25,24,20,-17%,-17%,подсказка: noise generator
office noise generator,20,73,informational,21,19,18,18,+0%,-14%,подсказка: noise generator
white noise generator ebay,20,0,transactional,22,24,16,16,+0%,-27%,подсказка: noise generator
noise pattern generator,20,,informational,14,11,12,19,+58%,+36%,подсказка: noise generator
fractal noise generator,20,0,informational,14,16,34,24,-29%,+71%,подсказка: noise generator
generac generator noise reduction,20,0,transactional,74,47,31,16,-48%,-78%,подсказка: noise generator
simplex noise generator,20,,transactional,12,15,18,17,-6%,+42%,подсказка: noise generator
minecraft noise settings generator,20,,informational,0,1,12,20,+67%,,подсказка: noise generator
in ear white noise generator,20,9,transactional,30,37,25,18,-28%,-40%,подсказка: noise generator
white noise image generator,20,2,informational,22,16,20,24,+20%,+9%,подсказка: noise generator
noise canceling generator,20,37,transactional,24,22,23,18,-22%,-25%,подсказка: noise generator
static noise generator,20,92,transactional,18,17,18,20,+11%,+11%,подсказка: noise generator
zener diode noise generator,20,0,transactional,24,25,24,20,-17%,-17%,подсказка: noise generator
low noise generator for home,20,,transactional,0,0,12,17,+42%,,подсказка: noise generator
in-ear noise generator tinnitus,20,12,informational,0,21,41,17,-59%,,подсказка: noise generator
online perlin noise generator,20,50,informational,22,18,22,22,+0%,+0%,подсказка: noise generator
generac generator noise level chart,20,,navigational,0,0,0,16,,,подсказка: noise generator
adversarial noise generator,20,0,informational,0,0,12,24,+100%,,подсказка: noise generator
generator noise ordinance,20,0,informational,84,78,92,23,-75%,-73%,подсказка: noise generator
national park generator noise level,20,0,informational,19,19,18,16,-11%,-16%,подсказка: noise generator
honda generator noise level,20,6,transactional,46,40,37,22,-41%,-52%,подсказка: noise generator
ambient sounds for focus,20,,,0,0,36,24,-33%,,ambient
soundscape generator,20,,,38,36,52,22,-58%,-42%,ambient
adhd coach app,20,,,31,23,42,22,-48%,-29%,instrument
adhd time tracker,20,,,16,22,21,18,-14%,+12%,instrument
adhd time management app,20,,,23,26,30,18,-40%,-22%,instrument
adhd dashboard,20,,,12,10,13,20,+54%,+67%,instrument
focus widget,20,,,30,42,24,22,-8%,-27%,instrument
focus machine,20,,,24,29,37,23,-38%,-4%,instrument
attention tool,20,,,11,11,18,15,-17%,+36%,instrument
time blindness app,20,,,31,26,21,23,+10%,-26%,instrument
adhd study timer,20,,,13,16,18,18,+0%,+38%,keys
adhd work timer,20,,,18,18,18,17,-6%,-6%,keys
adhd chrome extension,20,,,93,53,36,20,-44%,-78%,keys
block out background noise,20,,,24,20,21,18,-14%,-25%,maskirovka
sound frequency for focus,20,,,22,29,26,25,-4%,+14%,nejro
endel alternative,20,,,10,13,24,18,-25%,+80%,nejro
productivity for adhd,20,,,35,34,28,20,-29%,-43%,prod
adhd productivity system,20,,,52,31,12,20,+67%,-62%,prod
deep work app,20,,,23,33,42,21,-50%,-9%,prod
background noise for focus,20,,,24,29,24,21,-12%,-12%,prod
focus background noise,20,,,11,11,18,17,-6%,+55%,rabota
ambient noise for focus,20,,,0,0,6,22,+267%,,rabota
white noise for homework,20,,,22,69,35,20,-43%,-9%,shum
noise for productivity,20,,,29,36,25,17,-32%,-41%,shum
pomodoro focus timer app,20,,,13,10,10,25,+150%,+92%,sosedi
pomodoro timer focus,20,,,10,17,15,17,+13%,+70%,sosedi
focus to do timer,20,,,11,10,11,17,+55%,+55%,sosedi
focus flight deep focus timer,20,,,0,0,1,18,+1700%,,sosedi
work focus timer,20,,,18,23,22,18,-18%,+0%,sosedi
focus to do pomodoro timer & to do list,20,,,23,15,19,18,-5%,-22%,sosedi
focus timer website,20,,,10,17,13,17,+31%,+70%,sosedi
30 minute focus timer,20,,,10,11,14,23,+64%,+130%,sosedi
focus timer mac,20,,,23,23,22,20,-9%,-13%,sosedi
focus timer for productivity,20,,,0,0,10,22,+120%,,sosedi
study bunny focus timer app,20,,,6,2,7,22,+214%,+267%,sosedi
focus flight timer,20,,,0,0,0,18,,,sosedi
stayfocusd website blocker & focus timer & shorts blocker,20,,,0,0,1,20,+1900%,,sosedi
focus to-do timer,20,,,11,10,11,17,+55%,+55%,sosedi
15 minute focus timer,20,,,0,0,0,21,,,sosedi
focus booster pomodoro timer,20,,,0,0,5,28,+460%,,sosedi
flow focus & pomodoro timer,20,,,11,16,19,19,+0%,+73%,sosedi
focus timer chrome extension,20,,,10,10,12,18,+50%,+80%,sosedi
adhd focus music spotify,20,,,0,0,5,18,+260%,,sosedi
adhd focus music reddit,20,,,12,12,12,16,+33%,+33%,sosedi
best adhd focus music,20,,,15,14,24,22,-8%,+47%,sosedi
neurodivergent music for adhd youtube,20,,,0,0,21,18,-14%,,sosedi
adhd task timer,20,,,6,18,22,22,+0%,+267%,sosedi
adhd timer pomodoro,20,,,0,0,8,15,+88%,,sosedi
best pomodoro timer for adhd,20,,,0,0,9,15,+67%,,sosedi
adhd cube timer,20,,,0,0,7,18,+157%,,sosedi
adhd visual timer app,20,,,10,13,17,16,-6%,+60%,sosedi
adhd timer cube,20,,,41,34,22,22,+0%,-46%,sosedi
best background noise for adhd,20,,,82,42,28,20,-29%,-76%,sosedi
noise for adhd sleep,20,,,27,35,29,20,-31%,-26%,sosedi
brown noise for studying adhd,20,,,6,3,14,23,+64%,+283%,sosedi
what color noise is best for adhd,20,,,121,86,49,19,-61%,-84%,sosedi
adhd noise for sleep,20,,,13,15,16,21,+31%,+62%,sosedi
is white noise good for adhd,20,,,21,18,19,17,-11%,-19%,sosedi
study noise for adhd,20,,,16,18,23,21,-9%,+31%,sosedi
white noise for studying adhd,20,,,15,18,27,17,-37%,+13%,sosedi
what noise is best for adhd,20,,,42,30,28,17,-39%,-60%,sosedi
best color noise for adhd,20,,,46,37,42,23,-45%,-50%,sosedi
noise reducing ear plugs for adhd,20,,,12,37,13,19,+46%,+58%,sosedi
sleep noise for adhd,20,,,13,17,24,18,-25%,+38%,sosedi
noise cancelling headphones for adhd adults,20,,,2,11,14,18,+29%,+800%,sosedi
noise-reducing ear plugs for adhd,20,,,12,37,13,19,+46%,+58%,sosedi
best noise for focus adhd,20,,,41,48,42,18,-57%,-56%,sosedi
best white noise for adhd,20,,,26,18,23,18,-22%,-31%,sosedi
time timer app free,20,,,11,12,15,21,+40%,+91%,sosedi
soundscape app for focus,20,,,0,0,8,25,+212%,,sostoyaniya
self regulation app,20,,,23,15,13,22,+69%,-4%,sostoyaniya
anti distraction app,20,,,16,21,25,21,-16%,+31%,sostoyaniya
brown noise generator app,10,24,transactional,35,10,11,11,+0%,-69%,подсказка: brown noise generator
white noise brown noise pink noise generator,10,54,transactional,12,9,7,7,+0%,-42%,подсказка: brown noise generator
white brown pink noise generator,10,54,informational,18,11,10,11,+10%,-39%,подсказка: brown noise generator
brown noise generator online free,10,,informational,0,0,0,3,,,подсказка: brown noise generator
white pink brown noise generator,10,54,informational,18,11,10,11,+10%,-39%,подсказка: brown noise generator
brown noise generator download,10,,informational,5,3,5,7,+40%,+40%,подсказка: brown noise generator
generator noise reduction box jiji,10,,transactional,0,0,2,1,-50%,,подсказка: noise generator
eurorack noise generator,10,,transactional,11,11,10,11,+10%,+0%,подсказка: noise generator
bathroom noise generator,10,,transactional,8,9,8,8,+0%,+0%,подсказка: noise generator
low frequency noise generator,10,20,transactional,52,24,18,12,-33%,-77%,подсказка: noise generator
diesel generator noise reduction,10,,informational,7,7,9,8,-11%,+14%,подсказка: noise generator
generator making revving noise,10,0,informational,23,21,12,12,+0%,-48%,подсказка: noise generator
seamless noise texture generator,10,,informational,10,13,11,10,-9%,+0%,подсказка: noise generator
diy noise generator,10,,transactional,11,10,9,10,+11%,-9%,подсказка: noise generator
pseudo noise generator,10,,transactional,11,11,11,10,-9%,-9%,подсказка: noise generator
white noise generator download,10,62,transactional,16,11,14,10,-29%,-38%,подсказка: noise generator
calm office noise generator,10,,informational,1,4,1,2,+100%,+100%,подсказка: noise generator
noise generator minecraft,10,0,transactional,9,10,11,12,+9%,+33%,подсказка: noise generator
noise reducer for generator,10,0,transactional,12,12,15,11,-27%,-8%,подсказка: noise generator
ambient white noise generator,10,,transactional,2,2,4,6,+50%,+200%,подсказка: noise generator
xr18 pink noise generator,10,44,transactional,9,10,10,7,-30%,-22%,подсказка: noise generator
agilent noise generator,10,,transactional,6,3,3,2,-33%,-67%,подсказка: noise generator
best white noise generator app,10,,transactional,10,10,9,8,-11%,-20%,подсказка: noise generator
noise generator schematic,10,,transactional,10,10,9,12,+33%,+20%,подсказка: noise generator
standby generator noise,10,,informational,10,12,10,9,-10%,-10%,подсказка: noise generator
champion vs honda generator noise,10,,informational,9,5,2,4,+100%,-56%,подсказка: noise generator
bio noise generator,10,,informational,0,0,2,8,+300%,,подсказка: noise generator
tmsoft noise generator app,10,,transactional,0,0,1,2,+100%,,подсказка: noise generator
in-ear white noise generator for misophonia,10,0,informational,12,8,9,2,-78%,-83%,подсказка: noise generator
ryobi 6500 watt generator noise level,10,23,informational,22,11,10,8,-20%,-64%,подсказка: noise generator
velleman pink noise generator,10,,transactional,0,0,6,8,+33%,,подсказка: noise generator
white noise generator android,10,,transactional,10,10,10,10,+0%,+0%,подсказка: noise generator
national park service generator noise level,10,,informational,10,10,10,8,-20%,-20%,подсказка: noise generator
noise signal generator,10,,informational,12,12,12,10,-17%,-17%,подсказка: noise generator
ryobi 3600 watt generator noise level,10,,informational,3,2,3,5,+67%,+67%,подсказка: noise generator
noise settings generator,10,,informational,0,0,12,10,-17%,,подсказка: noise generator
uhf noise generator,10,49,informational,3,4,6,6,+0%,+100%,подсказка: noise generator
noise music generator,10,,informational,0,0,10,8,-20%,,подсказка: noise generator
pink noise generator software,10,,informational,10,5,8,8,+0%,-20%,подсказка: noise generator
anti noise generator,10,9,transactional,25,15,11,10,-9%,-60%,подсказка: noise generator
generator noise suppressor,10,,transactional,22,22,14,12,-14%,-45%,подсказка: noise generator
random animal noise generator,10,,transactional,10,10,10,11,+10%,+10%,подсказка: noise generator
cloud noise texture generator,10,,informational,0,0,0,7,,,подсказка: noise generator
vhs noise generator,10,,transactional,0,10,10,11,+10%,,подсказка: noise generator
radio noise generator,10,,transactional,10,10,8,9,+12%,-10%,подсказка: noise generator
perlin noise generator unity,10,,transactional,0,0,8,8,+0%,,подсказка: noise generator
ryobi 4000 watt inverter generator noise level,10,13,informational,17,10,10,9,-10%,-47%,подсказка: noise generator
generator with no noise,10,0,transactional,10,12,10,9,-10%,-10%,подсказка: noise generator
transistor white noise generator,10,,transactional,9,9,9,10,+11%,+11%,подсказка: noise generator
diode noise generator,10,1,transactional,9,11,9,10,+11%,+11%,подсказка: noise generator
pink noise generator ableton,10,43,transactional,12,17,13,11,-15%,-8%,подсказка: noise generator
wearable noise generator,10,,transactional,8,5,7,7,+0%,-12%,подсказка: noise generator
zero noise generator,10,,transactional,10,10,9,10,+11%,+0%,подсказка: noise generator
propane generator noise,10,,transactional,10,12,10,9,-10%,-10%,подсказка: noise generator
ryobi 4000-watt generator noise level,10,31,transactional,22,10,10,7,-30%,-68%,подсказка: noise generator
windows white noise generator,10,59,informational,11,10,8,10,+25%,-9%,подсказка: noise generator
pink noise generator circuit,10,31,transactional,12,20,14,12,-14%,+0%,подсказка: noise generator
uniform noise generator,10,,informational,2,2,4,2,-50%,+0%,подсказка: noise generator
valcom white noise generator,10,40,transactional,5,5,6,8,+33%,+60%,подсказка: noise generator
matlab white noise generator,10,47,informational,27,16,13,11,-15%,-59%,подсказка: noise generator
how to reduce noise from power generator,10,,informational,8,2,6,1,-83%,-88%,подсказка: noise generator
pixel art noise generator,10,,informational,0,0,0,5,,,подсказка: noise generator
white noise generator jammer,10,,transactional,8,2,5,3,-40%,-62%,подсказка: noise generator
noise generator download,10,,transactional,10,8,9,8,-11%,-20%,подсказка: noise generator
rabbler noise generator review,10,,informational,2,5,2,5,+150%,+150%,подсказка: noise generator
in ear white noise generator uk,10,,transactional,0,0,0,1,,,подсказка: noise generator
fire noise generator,10,,transactional,8,5,4,6,+50%,-25%,подсказка: noise generator
atlas white noise generator,10,,transactional,9,12,11,10,-9%,+11%,подсказка: noise generator
how to reduce the generator noise,10,0,informational,6,5,8,3,-62%,-50%,подсказка: noise generator
why is my generator making noise,10,12,informational,12,10,10,8,-20%,-33%,подсказка: noise generator
homebrew noise generator,10,,informational,2,3,3,1,-67%,-50%,подсказка: noise generator
onan generator noise reduction,10,,transactional,10,9,7,6,-14%,-40%,подсказка: noise generator
generator noise reduction box diy,10,0,transactional,10,17,12,11,-8%,+10%,подсказка: noise generator
green noise generator app,10,,transactional,0,8,10,8,-20%,,подсказка: noise generator
noise level generac generator,10,0,transactional,10,9,10,9,-10%,-10%,подсказка: noise generator
home generator noise level comparison,10,,commercial,10,12,10,9,-10%,-10%,подсказка: noise generator
linux pink noise generator,10,,informational,7,6,5,3,-40%,-57%,подсказка: noise generator
godot noise generator,10,,informational,0,2,11,10,-9%,,подсказка: noise generator
ai background noise generator,10,,informational,0,0,4,8,+100%,,подсказка: noise generator
noise text generator,10,,informational,17,15,12,11,-8%,-35%,подсказка: noise generator
conference room white noise generator,10,4,transactional,10,10,32,9,-72%,-10%,подсказка: noise generator
is a generator a noise complaint,10,,informational,0,0,11,10,-9%,,подсказка: noise generator
noise png generator,10,,transactional,0,2,9,10,+11%,,подсказка: noise generator
silent generator noise level,10,,transactional,8,7,6,2,-67%,-75%,подсказка: noise generator
wearable white noise generator,10,47,transactional,10,10,8,9,+12%,-10%,подсказка: noise generator
sound masking app,10,,,18,15,17,14,-18%,-22%,ambient
generative ambient,10,,,15,17,16,13,-19%,-13%,ambient
noise generator website,10,,,12,10,10,10,+0%,-17%,cveta
adhd companion,10,,,0,1,12,10,-17%,,instrument
adhd extension,10,,,28,22,21,11,-48%,-61%,instrument
adhd widget,10,,,8,10,9,9,+0%,+12%,instrument
adhd sound machine,10,,,0,0,17,12,-29%,,instrument
focus assistant,10,,,19,19,18,12,-33%,-37%,instrument
focus companion,10,,,0,0,6,12,+100%,,instrument
focus station,10,,,10,11,12,11,-8%,+10%,instrument
focus generator,10,,,10,10,11,12,+9%,+20%,instrument
concentration tool,10,,,19,17,20,12,-40%,-37%,instrument
attention trainer,10,,,10,11,10,10,+0%,+0%,instrument
adhd countdown timer,10,,,0,1,10,12,+20%,,keys
time blindness timer,10,,,0,0,3,11,+267%,,keys
adhd time timer,10,,,0,8,10,11,+10%,,keys
brown noise timer,10,,,11,10,22,10,-55%,-9%,keys
timer with brown noise,10,,,0,0,0,2,,,keys
chrome extension for adhd,10,,,42,25,16,12,-25%,-71%,keys
adhd browser extension,10,,,22,18,10,11,+10%,-50%,keys
focus app for adhd,10,,,0,0,0,12,,,keys
how to block app from being downloaded on iphone,10,,,0,2,13,12,-8%,,konkurenty
how to block out distractions,10,,,26,28,19,14,-26%,-46%,maskirovka
dopamine focus,10,,,22,14,15,12,-20%,-45%,maskirovka
open office noise,10,,,10,10,10,11,+10%,+10%,maskirovka
how to focus in a noisy office,10,,,14,10,9,8,-11%,-43%,maskirovka
background stimulation,10,,,0,0,0,8,,,maskirovka
how to study in a noisy place,10,,,2,3,2,2,+0%,+0%,maskirovka
white noise and music,10,,,10,10,10,12,+20%,+20%,muzyka-shum
music with white noise,10,,,10,10,11,10,-9%,+0%,muzyka-shum
brown noise and music,10,,,8,10,9,8,-11%,+0%,muzyka-shum
neuroacoustic music,10,,,11,10,9,10,+11%,-9%,nejro
dopamine music adhd,10,,,1,4,8,8,+0%,+700%,nejro
study with me sounds,10,,,5,5,5,8,+60%,+60%,rabota
noise for working,10,,,13,18,15,13,-13%,+0%,rabota
ambient sound for focus,10,,,0,0,12,15,+25%,,rabota
study noise generator,10,,,12,12,11,8,-27%,-33%,rabota
adhd study sounds,10,,,11,12,20,14,-30%,+27%,shum
brown noise for productivity,10,,,11,10,11,13,+18%,+18%,shum
noise for work,10,,,13,18,15,13,-13%,+0%,shum
study sounds app,10,,,10,9,8,10,+25%,+0%,shum
noise while studying,10,,,8,9,9,8,-11%,+0%,shum
homework noise,10,,,0,0,8,6,-25%,,shum
sounds while studying,10,,,7,5,8,3,-62%,-57%,shum
attirance smart focus timer,10,,,0,31,2,5,+150%,,sosedi
focus timer iphone,10,,,0,5,11,10,-9%,,sosedi
focus aesthetic timer,10,,,0,0,0,4,,,sosedi
focus timer adjustable hourglass,10,,,13,14,18,13,-28%,+0%,sosedi
focus matcha timer,10,,,0,0,0,13,,,sosedi
bakery study focus timer app,10,,,1,0,0,1,,+0%,sosedi
focus timer for study pc,10,,,4,2,3,3,+0%,-25%,sosedi
ford focus st turbo timer,10,,,8,4,8,7,-12%,-12%,sosedi
focus timer visual timer,10,,,0,0,15,10,-33%,,sosedi
cafe focus timer,10,,,0,0,0,6,,,sosedi
flight focus timer,10,,,0,0,0,12,,,sosedi
flip focus timer for study website,10,,,3,2,2,3,+50%,+0%,sosedi
focus timer app mac,10,,,10,10,10,10,+0%,+0%,sosedi
bluebird focus timer,10,,,12,10,10,12,+20%,+0%,sosedi
windows 10 focus timer,10,,,3,9,6,3,-50%,+0%,sosedi
focus timer free,10,,,0,0,3,11,+267%,,sosedi
bee focus timer,10,,,0,0,3,2,-33%,,sosedi
focus timer with music,10,,,0,8,10,10,+0%,,sosedi
focus period timer,10,,,0,2,8,4,-50%,,sosedi
flip focus timer for study download,10,,,1,0,1,1,+0%,+0%,sosedi
focus timer app windows,10,,,8,10,10,9,-10%,+12%,sosedi
timer focus app,10,,,0,9,9,10,+11%,,sosedi
focus timer time keeper,10,,,8,5,10,8,-20%,+0%,sosedi
focus timer extension,10,,,10,10,12,12,+0%,+20%,sosedi
how to turn off trip timer ford focus,10,,,14,10,8,8,+0%,-43%,sosedi
focus timer 2 hours,10,,,0,0,1,4,+300%,,sosedi
focus plant pomodoro timer,10,,,10,8,4,5,+25%,-50%,sosedi
focus timer hourglass,10,,,15,11,12,12,+0%,-20%,sosedi
flightmode focus study timer,10,,,0,0,0,2,,,sosedi
focus timer aesthetic,10,,,7,10,18,12,-33%,+71%,sosedi
bento focus timer,10,,,0,0,1,6,+500%,,sosedi
macos focus timer,10,,,0,0,5,6,+20%,,sosedi
microsoft focus timer,10,,,0,1,10,10,+0%,,sosedi
focus timer cute,10,,,0,0,0,10,,,sosedi
focus timer kickstarter,10,,,12,16,9,10,+11%,-17%,sosedi
ticktick focus timer,10,,,4,10,8,10,+25%,+150%,sosedi
focus mode timer,10,,,10,10,9,8,-11%,-20%,sosedi
app focus timer,10,,,8,9,5,5,+0%,-38%,sosedi
focus app timer,10,,,0,0,9,10,+11%,,sosedi
focus st turbo timer,10,,,11,10,10,10,+0%,-9%,sosedi
adhd focus music frequency,10,,,0,0,8,9,+12%,,sosedi
what is the best focus supplement for adhd,10,,,0,17,26,10,-62%,,sosedi
adhd shower timer,10,,,0,15,15,12,-20%,,sosedi
adhd timer app free,10,,,0,0,9,11,+22%,,sosedi
timer app for adhd,10,,,0,0,5,11,+120%,,sosedi
pomodoro timer adhd couple,10,,,0,0,10,10,+0%,,sosedi
adhd timer amazon,10,,,0,6,12,10,-17%,,sosedi
adhd productivity timer,10,,,0,6,12,12,+0%,,sosedi
adhd timer trick,10,,,8,7,3,8,+167%,+0%,sosedi
adhd couple timer,10,,,0,0,4,8,+100%,,sosedi
timer watch for adhd,10,,,13,12,9,8,-11%,-38%,sosedi
online adhd timer,10,,,0,0,2,11,+450%,,sosedi
how to adhd timer,10,,,10,8,6,7,+17%,-30%,sosedi
adhd friendly timer,10,,,0,0,4,11,+175%,,sosedi
amazon adhd timer,10,,,0,0,0,11,,,sosedi
adhd desk timer,10,,,0,0,0,10,,,sosedi
timer for adhd students,10,,,11,11,8,8,+0%,-27%,sosedi
visual timer for adhd adults,10,,,0,0,0,14,,,sosedi
adhd visual timer online free,10,,,0,0,0,7,,,sosedi
visual timer adhd adult,10,,,0,0,0,9,,,sosedi
study timer adhd,10,,,0,0,7,9,+29%,,sosedi
is green noise good for adhd,10,,,28,12,12,10,-17%,-64%,sosedi
brown noise for adhd concentration,10,,,4,10,10,11,+10%,+175%,sosedi
what is brown noise for adhd,10,,,12,8,8,9,+12%,-25%,sosedi
what does brown noise do for adhd,10,,,16,10,9,10,+11%,-38%,sosedi
gray noise for adhd,10,,,20,5,7,4,-43%,-80%,sosedi
noise for focus adhd,10,,,4,11,13,13,+0%,+225%,sosedi
what color noise is best for adhd focus,10,,,0,0,7,10,+43%,,sosedi
best white noise for adhd sleep,10,,,0,0,12,11,-8%,,sosedi
noise for studying adhd,10,,,8,14,13,12,-8%,+50%,sosedi
best brown noise for adhd,10,,,11,8,8,9,+12%,-18%,sosedi
noise for adhd study,10,,,3,10,10,6,-40%,+100%,sosedi
noise reducing earplugs for adhd,10,,,12,10,17,11,-35%,-8%,sosedi
brown noise for adhd reddit,10,,,0,0,11,10,-9%,,sosedi
brown noise good for adhd,10,,,12,8,10,10,+0%,-17%,sosedi
brown noise for adhd studying,10,,,2,10,8,10,+25%,+400%,sosedi
what noise is best for sleep adhd,10,,,0,0,4,10,+150%,,sosedi
does brown noise work for adhd,10,,,8,8,9,9,+0%,+12%,sosedi
are noise cancelling headphones good for adhd,10,,,12,10,10,10,+0%,-17%,sosedi
why does brown noise work for adhd,10,,,9,10,10,10,+0%,+11%,sosedi
black noise for adhd,10,,,10,8,8,8,+0%,-20%,sosedi
which color noise is best for adhd,10,,,19,14,11,10,-9%,-47%,sosedi
background noise for adhd focus,10,,,11,10,9,12,+33%,+9%,sosedi
is pink noise good for adhd,10,,,0,0,9,10,+11%,,sosedi
calming noise for adhd,10,,,0,0,8,10,+25%,,sosedi
noise-reducing earplugs for adhd,10,,,12,10,17,11,-35%,-8%,sosedi
best noise cancelling earbuds for adhd,10,,,7,12,10,11,+10%,+57%,sosedi
what noise is best for adhd focus,10,,,0,0,14,12,-14%,,sosedi
noise cancelling headphones for adults with adhd,10,,,11,12,10,11,+10%,+0%,sosedi
white noise for adhd and anxiety,10,,,1,2,2,2,+0%,+100%,sosedi
noise cancelling headphones for adhd students,10,,,12,16,16,11,-31%,-8%,sosedi
which noise is best for adhd,10,,,15,11,12,10,-17%,-33%,sosedi
adhd noise for studying,10,,,8,9,12,10,-17%,+25%,sosedi
white noise headphones for adhd,10,,,11,10,10,8,-20%,-27%,sosedi
brown noise for adhd download,10,,,0,3,4,4,+0%,,sosedi
adhd noise for concentration,10,,,10,10,9,8,-11%,-20%,sosedi
which noise is best for studying with adhd,10,,,0,0,0,8,,,sosedi
best noise for adhd study,10,,,4,8,10,10,+0%,+150%,sosedi
best noise for adhd concentration,10,,,16,10,18,8,-56%,-50%,sosedi
what noise is good for adhd,10,,,19,22,22,14,-36%,-26%,sosedi
noise for sleep adhd,10,,,6,17,21,10,-52%,+67%,sosedi
what noise is best for studying with adhd,10,,,0,0,0,8,,,sosedi
white vs brown noise for adhd,10,,,12,10,7,3,-57%,-75%,sosedi
grey noise for adhd,10,,,10,8,8,5,-38%,-50%,sosedi
color noise for adhd,10,,,18,12,14,12,-14%,-33%,sosedi
why is brown noise good for adhd,10,,,24,14,12,11,-8%,-54%,sosedi
decompress app,10,,,15,12,12,12,+0%,-20%,sostoyaniya
focus mode extension,10,,,10,12,14,12,-14%,+20%,sostoyaniya
attention span app,10,,,0,0,0,11,,,sostoyaniya
attention training app,10,,,8,9,14,11,-21%,+38%,sostoyaniya
brain fog app,10,,,9,12,10,10,+0%,+11%,sostoyaniya
focus training app,10,,,10,10,26,9,-65%,-10%,sostoyaniya
relaxation sounds app,10,,,11,10,21,8,-62%,-27%,sostoyaniya
sensory overload app,10,,,0,0,0,5,,,sostoyaniya
anti distraction,10,,,9,10,12,11,-8%,+22%,terapiya
distraction free mode,10,,,10,10,10,10,+0%,+0%,terapiya
avoid distractions while studying,10,,,20,17,11,9,-18%,-55%,terapiya
distraction detox,10,,,41,11,10,9,-10%,-78%,terapiya
distraction free study,10,,,0,0,0,2,,,terapiya
white noise chrome extension,10,,,10,10,10,10,+0%,+0%,листинг MT / ревизия 08-31
colour noise generator,0,,,,,,,,,cveta
noise generator chrome,0,,,,,,,,,cveta
noise generator extension,0,,,,,,,,,cveta
focus noise generator,0,,,,,,,,,cveta
adhd productivity tool,0,,,,,,,,,instrument
adhd study tool,0,,,,,,,,,instrument
adhd focus assistant,0,,,,,,,,,instrument
adhd noise machine,0,,,,,,,,,instrument
adhd white noise machine,0,,,,,,,,,instrument
adhd brown noise app,0,,,,,,,,,instrument
adhd focus generator,0,,,,,,,,,instrument
focus sound generator,0,,,,,,,,,instrument
focus music generator,0,,,,,,,,,instrument
focus sound machine,0,,,,,,,,,instrument
pomodoro helper,0,,,,,,,,,instrument
time blindness tool,0,,,,,,,,,instrument
time awareness app,0,,,,,,,,,instrument
time perception app,0,,,,,,,,,instrument
adhd timer extension,0,,,,,,,,,keys
adhd timer chrome extension,0,,,,,,,,,keys
speech masking,0,,,,,,,,,maskirovka
mask background noise,0,,,,,,,,,maskirovka
block out voices,0,,,,,,,,,maskirovka
block noise while studying,0,,,4,3,3,0,-100%,-100%,maskirovka
drown out voices,0,,,,,,,,,maskirovka
tinnitus relief,0,,,,,,,,,maskirovka
tinnitus masking,0,,,,,,,,,maskirovka
tinnitus sound therapy,0,,,,,,,,,maskirovka
white noise for tinnitus,0,,,,,,,,,maskirovka
noise over music,0,,,,,,,,,muzyka-shum
music and brown noise,0,,,,,,,,,muzyka-shum
white noise while listening to music,0,,,,,,,,,muzyka-shum
brown noise over music,0,,,,,,,,,muzyka-shum
mix white noise with music,0,,,,,,,,,muzyka-shum
music mixed with white noise,0,,,,,,,,,muzyka-shum
noise under music,0,,,,,,,,,muzyka-shum
background noise with music,0,,,,,,,,,muzyka-shum
white noise music mix,0,,,,,,,,,muzyka-shum
lofi with white noise,0,,,,,,,,,muzyka-shum
lofi and brown noise,0,,,,,,,,,muzyka-shum
music plus noise,0,,,,,,,,,muzyka-shum
add noise to music,0,,,,,,,,,muzyka-shum
noise mixer music,0,,,,,,,,,muzyka-shum
focus music with noise,0,,,,,,,,,muzyka-shum
study music with white noise,0,,,,,,,,,muzyka-shum
theta waves,0,,,,,,,,,nejro
brown noise dopamine,0,,,,,,,,,nejro
cafe sounds for working,0,,,,,,,,,prod
coworking sounds,0,,,,,,,,,prod
ambient noise for work,0,,,,,,,,,prod
work from home sounds,0,,,,,,,,,rabota
work noise generator,0,,,,,,,,,rabota
adhd work sounds,0,,,,,,,,,shum
brown noise for homework,0,,,,,,,,,shum
focus noise app,0,,,,,,,,,shum
natural supplements for adhd child,0,,,,,,,,,sosedi
best vitamins for adhd child,0,,,,,,,,,sosedi
adhd supplements for kids,0,,,,,,,,,sosedi
vibrating timer for adhd students,0,,,13,15,11,0,-100%,-100%,sosedi
adhd timer reddit,0,,,,,,,,,sosedi
adhd timer app reddit,0,,,,,,,,,sosedi
app for brain fog,0,,,,,,,,,sostoyaniya
brain fog tool,0,,,,,,,,,sostoyaniya
app for sensory overload,0,,,,,,,,,sostoyaniya
sensory overload tool,0,,,,,,,,,sostoyaniya
overstimulation app,0,,,,,,,,,sostoyaniya
app for overstimulation,0,,,,,,,,,sostoyaniya
hyperfocus timer,0,,,,,,,,,sostoyaniya
sensory regulation tool,0,,,,,,,,,sostoyaniya
sensory break app,0,,,,,,,,,sostoyaniya
quiet browsing,0,,,,,,,,,sostoyaniya
audio therapy app,0,,,,,,,,,sostoyaniya
sound therapy for tinnitus,0,,,,,,,,,terapiya
distraction free work,0,,,,,,,,,terapiya
focus without distractions,0,,,,,,,,,terapiya
no distraction mode,0,,,,,,,,,terapiya
brown noise chrome extension,0,,,,,,,,,листинг MT / ревизия 08-31
noise generator chrome extension,0,,,,,,,,,листинг MT / ревизия 08-31
brown noise extension,0,,,,,,,,,листинг MT / ревизия 08-31
noise to block out voices,0,,,,,,,,,листинг MT / ревизия 08-31
block out talking,0,,,,,,,,,листинг MT / ревизия 08-31
